,antigen_recognition_function,antigenic_feature_range,antigenic_feature_count,lymphocytes_count,somatic_hypermutation_cycles,somatic_hypermutation_rate,clonal_expansion_factor,best_solution,best_fitness,elapsed_time
0,sphere,"(-100, 100)",3,300,250,0.001,2,[ -2.71766831 -10.32563109  13.56838475],298.10544311788107,0.6164970397949219
1,sphere,"(-100, 100)",3,300,250,0.01,2,[ -2.7152664  -10.32123455  13.56077763],297.7952442455679,0.6038122177124023
2,sphere,"(-100, 100)",3,300,250,0.001,3,[ -2.71768754 -10.32548034  13.56827098],298.09934734856006,0.6171760559082031
3,sphere,"(-100, 100)",3,300,250,0.01,3,[ -2.71568209 -10.31932134  13.55990152],297.73425147212606,0.6103291511535645
4,sphere,"(-100, 100)",3,300,250,0.1,2,[ -2.69672987 -10.27174945  13.48715914],294.6846505599871,0.6177988052368164
5,sphere,"(-100, 100)",3,300,250,0.001,4,[ -2.71768359 -10.32543233  13.56815499],298.0951867317288,0.6563100814819336
6,sphere,"(-100, 100)",3,300,250,0.01,4,[ -2.71564222 -10.31884063  13.55874017],297.6926194677404,0.6405580043792725
7,sphere,"(-100, 100)",3,300,250,0.1,3,[ -2.68755071 -10.26456809  13.47171228],294.0713185740982,0.6368350982666016
8,sphere,"(-100, 100)",3,300,250,0.1,4,[ -2.69505894 -10.25245674  13.46388064],293.65229387304953,0.6699459552764893
9,sphere,"(-100, 100)",3,300,500,0.001,2,[ -2.71751481 -10.325009    13.56755937],298.0693649230904,1.2517099380493164
10,sphere,"(-100, 100)",3,300,500,0.01,2,[ 3.22049651 17.8576595   8.69904616],404.94100449678507,1.2215290069580078
11,sphere,"(-100, 100)",3,300,500,0.001,3,[ 3.22307935 17.86940986  8.70472182],405.47623104979255,1.2624106407165527
12,sphere,"(-100, 100)",3,300,500,0.01,3,[ 3.22107512 17.85510214  8.6979771 ],404.834802945596,1.246741771697998
13,sphere,"(-100, 100)",3,300,500,0.1,2,[ 3.19337431 17.73670074  8.64143288],399.462554824054,1.2284979820251465
14,sphere,"(-100, 100)",3,300,500,0.001,4,[ 3.223016   17.8692858   8.70458333],405.4689781674138,1.2744388580322266
15,sphere,"(-100, 100)",3,300,500,0.01,4,[ 3.22044016 17.8538595   8.69659017],404.7622144979679,1.277850866317749
16,sphere,"(-100, 100)",3,300,500,0.1,3,[ 3.20225904 17.70876268  8.63354399],398.3928202447162,1.2961711883544922
17,sphere,"(-100, 100)",3,300,500,0.1,4,[ 3.19308338 17.69715944  8.61832565],397.66077079876857,1.3251519203186035
18,sphere,"(-100, 100)",3,300,750,0.001,2,[ 3.22292451 17.86899497  8.70453767],405.4571997942023,1.8402948379516602
19,sphere,"(-100, 100)",3,300,750,0.001,3,[-3.88081371  0.55272628 -3.69136657],28.99240853230096,1.8291170597076416
20,sphere,"(-100, 100)",3,300,750,0.01,2,[2.81547023 7.49659833 3.31159224],75.09250233500283,1.8513929843902588
21,sphere,"(-100, 100)",3,300,750,0.01,3,[2.81016374 7.47570202 3.307997  ],74.72598514112093,1.8634941577911377
22,sphere,"(-100, 100)",3,300,750,0.1,2,[2.43396337 6.45900929 2.72189002],55.051664002572274,1.8508150577545166
23,sphere,"(-100, 100)",3,300,750,0.1,3,[2.33694374 6.13541831 2.75839291],50.713395380326595,1.8677430152893066
24,sphere,"(-100, 100)",3,300,750,0.01,4,[2.80180928 7.46360097 3.30480245],74.47719384921538,1.9206719398498535
25,sphere,"(-100, 100)",3,300,750,0.001,4,[2.84523511 7.58479688 3.35641189],76.89000734528733,1.9669890403747559
26,sphere,"(-100, 100)",3,300,750,0.1,4,[2.22725948 6.00912219 2.57062602],47.67835242130261,1.9603588581085205
27,sphere,"(-100, 100)",3,300,1000,0.001,2,[2.84536034 7.58460451 3.35553102],76.8818894601473,2.46075177192688
28,sphere,"(-100, 100)",5,500,250,0.001,2,[-5.09136929  7.06098608 -5.18982116 22.03430872 -3.66474048],601.6548929569905,1.0200068950653076
29,sphere,"(-100, 100)",3,300,1000,0.001,3,[ -7.97267362 -14.80244785  -1.21386059],284.149444684498,2.5075478553771973
30,sphere,"(-100, 100)",5,500,250,0.001,3,[-39.47178054   8.5862964   12.26001759   6.7011497   13.95076221],2021.5831495731115,1.0762832164764404
31,sphere,"(-100, 100)",3,300,1000,0.001,4,[21.29016661  5.90426259 -9.1336101 ],571.5543445006784,2.5561888217926025
32,sphere,"(-100, 100)",5,500,250,0.001,4,[ 15.11896226  15.5159687   16.8955071    2.17801235 -29.91959814],1654.7125550127075,1.0683908462524414
33,sphere,"(-100, 100)",5,500,250,0.01,2,[ 14.18518522  11.11078374 -17.9792324   -5.51852051 -34.1975686 ],1847.8495596163104,1.0393450260162354
34,sphere,"(-100, 100)",3,300,1000,0.01,2,[  7.47140935   2.41813384 -15.02905465],287.541812573465,2.452651023864746
35,sphere,"(-100, 100)",3,300,1000,0.1,2,[  7.29751698   2.36741553 -14.68857592],274.6126728981932,2.4168970584869385
36,sphere,"(-100, 100)",3,300,1000,0.01,3,[  7.46873116   2.41635032 -15.02227012],287.28929343459254,2.516782760620117
37,sphere,"(-100, 100)",3,300,1000,0.01,4,[  7.46592904   2.41577032 -15.01805431],287.11799791986334,2.582580089569092
38,sphere,"(-100, 100)",3,300,1000,0.1,3,[  7.26800394   2.36085938 -14.61596827],272.02406667042237,2.5452730655670166
39,sphere,"(-100, 100)",3,300,1000,0.1,4,[  7.23501544   2.3419928  -14.57502523],270.2617390953213,2.5813708305358887
40,sphere,"(-100, 100)",5,500,250,0.01,3,[ 33.43668007 -12.38254447   0.10772986  -9.34590576 -23.68570328],1919.7090816910836,1.0913479328155518
41,sphere,"(-100, 100)",5,500,250,0.01,4,[-18.04361672  16.63178944   8.12496293  -6.44534154  -8.06793855],774.8376068090029,1.0793511867523193
42,sphere,"(-100, 100)",5,500,250,0.1,2,[ 1.91309755 -1.41518279 -0.01793229 14.26696225 -1.61355263],211.8127699474982,1.0150699615478516
43,sphere,"(-100, 100)",5,500,250,0.1,3,[-24.62332006  16.43498385  10.96258935 -27.93901943 -26.45889647],2477.256959596484,1.0751490592956543
44,sphere,"(-100, 100)",5,500,250,0.1,4,[  7.49585585 -30.99509169   0.5341299  -24.65642659 -19.64081506],2010.8698471504067,1.0683472156524658
45,sphere,"(-100, 100)",5,500,500,0.001,2,[  7.49867747 -31.00924917   0.53312129 -24.66671906 -19.64865527],2012.6045991738579,2.030215263366699
46,sphere,"(-100, 100)",5,500,500,0.001,3,[  7.4986871  -31.00922323   0.53312234 -24.66668804 -19.64860969],2012.5998143464644,2.062913179397583
47,sphere,"(-100, 100)",5,500,500,0.01,2,[  7.49831068 -31.00724309   0.53296985 -24.66524117 -19.64753112],2012.3574450361489,1.9979398250579834
48,sphere,"(-100, 100)",5,500,500,0.001,4,[  7.4986567  -31.00918831   0.53314597 -24.66667239 -19.64861408],2012.5966181635456,2.220749616622925
49,sphere,"(-100, 100)",5,500,500,0.01,3,[  7.49839239 -31.00699829   0.53297496 -24.66496397 -19.64701637],2012.3095936688799,2.182156801223755
50,sphere,"(-100, 100)",5,500,500,0.1,2,[-16.96226783 -32.16522272  10.21471757  -7.10036102  19.30946314],1849.9310310690882,2.0311121940612793
51,sphere,"(-100, 100)",5,500,500,0.01,4,[ 13.94265575   6.01508923  11.15294709  -3.57916124 -48.72098841],2741.512283056205,2.189404010772705
52,sphere,"(-100, 100)",5,500,500,0.1,3,[-13.75604592  10.40009188  -9.29354573   1.35426664 -19.91774695],782.3113844786735,2.101186990737915
53,sphere,"(-100, 100)",5,500,500,0.1,4,[ 15.08941902  -7.82611551 -13.28011002 -20.16743218  -1.0928227 ],873.2195543883503,2.18446683883667
54,sphere,"(-100, 100)",5,500,750,0.001,2,[ 23.21259318  16.18990798   3.25970252 -22.61318353  -8.59656644],1396.8202871841702,3.023082971572876
55,sphere,"(-100, 100)",5,500,750,0.01,2,[-21.53127942  -2.17163461 -17.43810366  -0.08264334  -2.19743024],777.2349790343847,3.0731170177459717
56,sphere,"(-100, 100)",5,500,750,0.001,3,[-21.53948114  -2.17241048 -17.44455532  -0.0828178   -2.19846397],777.8212279088366,3.204807996749878
57,sphere,"(-100, 100)",5,500,750,0.001,4,[-21.53934182  -2.17239483 -17.44451147  -0.08281269  -2.19838686],777.8132883554088,3.29610013961792
58,sphere,"(-100, 100)",5,500,750,0.01,3,[-21.52979006  -2.17107193 -17.43670248  -0.08259126  -2.19759315],777.1202438402839,3.155834197998047
59,sphere,"(-100, 100)",5,500,750,0.01,4,[-21.52839188  -2.17096768 -17.43625626  -0.08256157  -2.19686261],777.0408114842086,3.2499301433563232
60,sphere,"(-100, 100)",5,500,750,0.1,2,[ 11.46393899  14.05105935 -31.25650316 -12.9058412    7.84034625],1533.8549220447449,3.077378034591675
61,sphere,"(-100, 100)",5,500,750,0.1,3,[25.85704971 -5.21012632  3.52890361 20.53796306 14.3924806 ],1337.1370210833597,3.219031810760498
62,sphere,"(-100, 100)",5,500,750,0.1,4,[  0.95760349  11.25442439 -11.36754535 -31.41201662  11.0322649 ],1365.225817135606,3.1961982250213623
63,sphere,"(-100, 100)",5,500,1000,0.001,2,[ 18.92551264  14.62209456 -11.88733879   3.76308171   8.30795604],796.4724191138985,4.123564958572388
64,sphere,"(-100, 100)",10,1000,250,0.001,2,"[-15.33251339  61.40752852  14.25998153  19.38106293  -6.6444661
  12.16510119 -12.24466429  38.24778129  60.55916944   7.59128668]",10114.947029894225,2.041672945022583
65,sphere,"(-100, 100)",5,500,1000,0.001,3,[ 15.4258291  -10.46420588  15.64657578 -17.29772902 -26.99636844],1620.2864799738004,4.179681062698364
66,sphere,"(-100, 100)",5,500,1000,0.01,2,"[-1.02430127e+01  1.08898531e+01  9.18168424e-03 -1.97669776e+01
 -4.89409355e+00]",638.1938477175737,4.115593910217285
67,sphere,"(-100, 100)",10,1000,250,0.001,3,"[ 45.28570724  51.2429007   35.6364208   10.93811684   1.6254377
 -11.96190223  10.97344698 -17.8311859   23.48483497 -26.57288934]",7907.979843626118,2.1392719745635986
68,sphere,"(-100, 100)",5,500,1000,0.001,4,"[-1.02502765e+01  1.08968531e+01  9.10330593e-03 -1.97799852e+01
 -4.89708615e+00]",639.0389287613922,4.29588770866394
69,sphere,"(-100, 100)",5,500,1000,0.01,3,"[-1.02431646e+01  1.08879556e+01  1.05545295e-02 -1.97638051e+01
 -4.89308925e+00]",638.0204250525674,4.215646982192993
70,sphere,"(-100, 100)",5,500,1000,0.1,2,"[-1.01646327e+01  1.08167081e+01  1.23620729e-02 -1.96322540e+01
 -4.86536272e+00]",629.4182380159557,4.123650789260864
71,sphere,"(-100, 100)",5,500,1000,0.01,4,"[-1.02415969e+01  1.08863822e+01  9.26825101e-03 -1.97625764e+01
 -4.89270299e+00]",637.9016777572675,4.344177007675171
72,sphere,"(-100, 100)",5,500,1000,0.1,3,[-15.04910827  13.58585363 -18.23954954 -30.1181884   13.42147027],1830.9733827098412,4.1996660232543945
73,sphere,"(-100, 100)",5,500,1000,0.1,4,[  0.82398368 -28.9388806    7.07617634  -9.01234315  18.22593942],1301.6172281103545,4.377456188201904
74,sphere,"(-100, 100)",10,1000,250,0.01,2,"[-33.08062656 -26.21645232 -80.1003703   -1.56367065   7.26566047
  12.99871147   4.63384656   0.98349135  -0.23314679 -14.51573565]",8655.101664505255,2.0662498474121094
75,sphere,"(-100, 100)",10,1000,250,0.001,4,"[ 23.60272671  20.86508736 -35.38239154 -20.35987428  -7.50920636
 -29.16405573 -29.91046529 -10.35545514  -4.31156156 -16.00747208]",4842.509127494731,2.201680898666382
76,sphere,"(-100, 100)",10,1000,250,0.01,3,"[-13.59024169  14.08520353 -10.14919038 -24.20506158  19.89925515
  11.62353219 -21.90998788 -23.83956179  50.58426977  24.17691462]",5794.72937836971,2.1107380390167236
77,sphere,"(-100, 100)",10,1000,250,0.01,4,"[ -6.49492867 -16.8034101   26.89937716  11.96061289  15.23122502
  11.76072402  11.62063447  35.37102499  31.11518296   8.11087426]",3981.565732101301,2.2132339477539062
78,sphere,"(-100, 100)",10,1000,250,0.1,2,"[-13.58954423  14.08405257 -10.14851184 -24.20357737  19.89804509
  11.62316125 -21.90885052 -23.83827023  50.58109087  24.175093  ]",5794.0145082835525,2.0906879901885986
79,sphere,"(-100, 100)",10,1000,250,0.1,3,"[-13.58940755  14.08427033 -10.14850109 -24.20320428  19.89797894
  11.62294849 -21.90838691 -23.83757251  50.58046595  24.17503122]",5793.871287755265,2.163735866546631
80,sphere,"(-100, 100)",10,1000,250,0.1,4,"[-13.58939378  14.08386626 -10.14789122 -24.2026208   19.89777899
  11.62259832 -21.90836277 -23.83737826  50.58034268  24.17498536]",5793.777806829678,2.178689956665039
81,sphere,"(-100, 100)",10,1000,500,0.001,2,"[-13.59031415  14.08528724 -10.14924792 -24.20523322  19.8993668
  11.62358583 -21.91013289 -23.83975111  50.58461911  24.17709503]",5794.808321133228,4.0731470584869385
82,sphere,"(-100, 100)",10,1000,500,0.001,3,"[-29.90149524  -4.7017158   23.13860992 -13.76695337 -53.38808408
  27.59378097 -41.97602641  38.28666471  20.57427302 -30.82794012]",9854.352183631247,4.264364719390869
83,sphere,"(-100, 100)",10,1000,500,0.01,2,"[-45.06347567 -32.00306451  -3.43353685  15.01630918 -41.39988692
  15.61948028 -27.07203524 -46.7892346  -55.22036492  13.95306069]",11416.214665883263,4.222269773483276
84,sphere,"(-100, 100)",10,1000,500,0.01,3,"[-27.91138923 -15.99283716  67.57438704 -19.54017109 -28.01652505
 -10.56583737  -2.62746225  25.4781435  -33.31735052  10.30516376]",8751.776753645985,4.238703012466431
85,sphere,"(-100, 100)",10,1000,500,0.001,4,"[-18.78949861  56.11346174  -3.56061087  -8.05189928  -3.80959969
  23.17949498 -30.47607484  -1.12081198  53.93809206 -54.13776592]",10901.341747226466,4.421734094619751
86,sphere,"(-100, 100)",10,1000,500,0.1,2,"[ 73.25147724 -40.06650051   5.41647675  24.96679918  35.78748514
   7.68534132  -3.05268929 -33.8831399   -4.32687606   8.55948612]",10212.963966644174,4.160611867904663
87,sphere,"(-100, 100)",10,1000,500,0.01,4,"[  0.20335287 -31.69168295  -2.28282182  39.55773917 -22.19513257
  26.8536725   26.14758587  42.28782512 -27.61142328  13.64569932]",7208.725966970634,4.320268869400024
88,sphere,"(-100, 100)",10,1000,500,0.1,3,"[  0.20338109 -31.68814097  -2.28284576  39.55342007 -22.19275578
  26.85123401  26.14489084  42.28321765 -27.60884382  13.64428694]",7207.211878635415,4.213794708251953
89,sphere,"(-100, 100)",10,1000,500,0.1,4,"[  0.20288132 -31.6879045   -2.28262563  39.55310006 -22.19284773
  26.85059821  26.14425151  42.28281342 -27.60829235  13.64412126]",7207.037720354508,4.343564987182617
90,sphere,"(-100, 100)",10,1000,750,0.001,2,"[  0.20339779 -31.69205688  -2.28284301  39.55819655 -22.19535078
  26.85397293  26.14791252  42.28831974 -27.6117286   13.6458504 ]",7208.891689451049,6.27173924446106
91,sphere,"(-100, 100)",10,1000,750,0.001,3,"[ 52.49559915  -7.37809265  57.44599286   6.08288413 -14.2185956
  12.5602404  -14.75791615  -6.78374674 -45.944729   -22.6911379 ]",9396.81702642115,6.372840166091919
92,sphere,"(-100, 100)",10,1000,750,0.001,4,"[  9.59653434 -32.22129826 -33.23074412 -32.97415179   8.08809828
 -75.90851663  -0.3117359   -6.47266693  34.6472214   -6.12026837]",10429.283036998386,6.586504220962524
93,sphere,"(-100, 100)",10,1000,750,0.01,2,"[ 43.49568778 -35.77187842   8.66300405  53.88758806 -13.8386941
 -39.03612771  35.17008278   0.25572807  17.89226052  -8.2813887 ]",9491.465153069254,6.184825897216797
94,sphere,"(-100, 100)",10,1000,750,0.01,3,"[ 43.70411113  -0.92031177  -6.52668803 -31.83302147  -0.6024596
 -37.41956039  -1.75936386   1.23240357  29.66828741  12.65322625]",5412.347265017353,6.393692970275879
95,sphere,"(-100, 100)",10,1000,750,0.01,4,"[  3.24666077  43.44446532  47.61185081 -29.39697575 -13.53325156
  14.42856848 -10.34022963  15.18232902  -8.36449975 -35.03977298]",7055.539390298816,6.747283935546875
96,sphere,"(-100, 100)",10,1000,750,0.1,2,"[ 13.4762625  -17.24296639  -2.94398158 -66.19066376  19.9207582
 -22.85152293 -28.74712337  18.22714975   1.24668264  22.83739817]",7469.556307706755,6.196927070617676
97,sphere,"(-100, 100)",10,1000,750,0.1,3,"[ 31.53139702   9.53462982  36.75795409 -58.21302124 -20.43353343
  17.97171788 -21.09295038  14.36266283  32.95813123  39.61738435]",9872.527322204773,6.356163024902344
98,sphere,"(-100, 100)",10,1000,750,0.1,4,"[ 31.5311388    9.53480381  36.75742075 -58.21268591 -20.43312132
  17.97102563 -21.09257047  14.36207736  32.9577671   39.61690622]",9872.29965418464,6.586638927459717
99,ackley,"(-32.768, 32.768)",3,300,250,0.001,2,[ 2.9070825   3.8519757  -3.06201837],10.186711506866901,1.57222580909729
100,sphere,"(-100, 100)",10,1000,1000,0.001,2,"[ 31.53483765   9.53563338  36.76182283 -58.21980024 -20.43557215
  17.97358173 -21.09513138  14.36414315  32.96164644  39.62180741]",9874.704232173772,8.254690885543823
101,ackley,"(-32.768, 32.768)",3,300,250,0.001,3,[2.11222113 0.13576082 4.4114137 ],10.14155866457323,1.6071538925170898
102,ackley,"(-32.768, 32.768)",3,300,250,0.001,4,[-2.56469892  2.22430099  1.7483457 ],9.075507972766035,1.6675889492034912
103,sphere,"(-100, 100)",10,1000,1000,0.001,3,"[-27.16635296 -23.02150465 -38.07873665 -32.24960737  11.75861313
  14.21876026 -32.42278687 -27.63083803  34.65220212  59.4465124 ]",10647.82916276807,8.514051914215088
104,ackley,"(-32.768, 32.768)",3,300,250,0.01,2,[ 6.00074491 -0.95599174  1.86576242],10.717940947345646,1.5719048976898193
105,ackley,"(-32.768, 32.768)",3,300,250,0.01,3,[ 3.96016777e+00 -9.90109572e-01  3.95285255e-05],7.546708843852574,1.6066570281982422
106,ackley,"(-32.768, 32.768)",3,300,250,0.01,4,[0.97958832 1.95899362 0.97962652],4.88412598317754,1.6017200946807861
107,ackley,"(-32.768, 32.768)",3,300,250,0.1,2,[ 2.04912327e-04  2.95570397e+00 -9.85382221e-01],6.0815690727101455,1.6023011207580566
108,sphere,"(-100, 100)",10,1000,1000,0.01,2,"[  5.13685507 -29.94431107  32.93003711  -8.61686851  22.12471393
 -43.75928851 -19.0984276   39.48090881 -16.05422635  15.37314609]",6903.6290111659255,8.236342906951904
109,sphere,"(-100, 100)",10,1000,1000,0.001,4,"[-40.88988512  18.87743223  68.24078042  18.29917781 -11.72771338
  -7.58846371  11.92360116   6.06764738  36.40586537 -38.09285859]",10170.56973380833,8.862634181976318
110,ackley,"(-32.768, 32.768)",3,300,250,0.1,3,[-2.97851023 -0.99297439  3.97105305],8.876758078311132,1.5955910682678223
111,sphere,"(-100, 100)",10,1000,1000,0.01,3,"[ -8.13293797 -44.56303509  25.73825462   6.28662272 -20.60291484
 -21.21873874 -54.32579314  23.2152094  -11.97302347  23.03902114]",7793.090660155288,8.560003995895386
112,sphere,"(-100, 100)",10,1000,1000,0.01,4,"[ -9.21497636  -1.85915738 -36.45750311  -5.07703795  16.14057199
  48.17378614  48.2083239   38.81829198   9.25551841   2.70605677]",7948.419488084401,8.655491828918457
113,sphere,"(-100, 100)",10,1000,1000,0.1,2,"[-21.34843793 -25.79426793  -7.81804242  -5.27744225   6.45910594
  18.01483715   0.41284534 -38.40397116  20.7639939   34.2347302 ]",4654.523288371456,8.406245946884155
114,ackley,"(-32.768, 32.768)",3,300,250,0.1,4,[-5.98177586 -2.99117605 -4.98503131],12.377796005127168,1.6637458801269531
115,sphere,"(-100, 100)",10,1000,1000,0.1,3,"[-15.80521783  34.93899654  31.66794284  14.86365874  18.11359199
 -33.24019362   9.92801505  16.85771974  -1.10456496 -13.48076959]",4693.037441793789,8.606750965118408
116,sphere,"(-100, 100)",10,1000,1000,0.1,4,"[-26.89741679  26.01122328  28.43576317   9.42564209 -24.34404814
 -29.73658939   4.73943792  11.5573942    6.38901283 -18.20509415]",4302.668120880255,8.67335319519043
117,ackley,"(-32.768, 32.768)",3,300,500,0.001,2,[ 2.12309403 -4.7263988   6.00176652],13.026006339638485,3.1989309787750244
118,ackley,"(-32.768, 32.768)",3,300,500,0.001,3,[0.98010167 4.09404141 0.93297806],8.073369104488881,3.2726221084594727
119,ackley,"(-32.768, 32.768)",3,300,500,0.001,4,[0.49565373 3.96307498 3.38707127],11.023675135833338,3.2396397590637207
120,ackley,"(-32.768, 32.768)",3,300,500,0.01,2,[ 5.89679011  0.15441452 -3.10837584],11.417087490488392,3.2411797046661377
121,ackley,"(-32.768, 32.768)",3,300,500,0.01,3,[ 0.99615601 -5.97670932  3.98449666],11.357290403974659,3.254209041595459
122,ackley,"(-32.768, 32.768)",3,300,500,0.01,4,[-3.96609347 -1.98316423 -0.99155102],8.191699080296317,3.2567479610443115
123,ackley,"(-32.768, 32.768)",3,300,500,0.1,2,[ 9.85326848e-01 -1.17812086e-04 -2.95624313e+00],6.081566607781543,3.1834969520568848
124,ackley,"(-32.768, 32.768)",3,300,500,0.1,3,[-2.97511337e-05 -2.06937378e-04 -3.95794330e+00],7.367967451951772,3.243169069290161
125,ackley,"(-32.768, 32.768)",3,300,500,0.1,4,[-0.99302527  3.9713051   2.97850421],8.876756641625734,3.2984180450439453
126,ackley,"(-32.768, 32.768)",3,300,750,0.001,2,[ 3.90224212 -2.23755725 -0.90599509],9.166667067010385,4.853818893432617
127,ackley,"(-32.768, 32.768)",3,300,750,0.001,3,[-8.34069628  3.07528914 -1.86497305],14.310171588816903,4.796104907989502
128,ackley,"(-32.768, 32.768)",3,300,750,0.001,4,[ 1.0784299   1.94923431 -5.02277644],9.553603318848152,4.865179061889648
129,ackley,"(-32.768, 32.768)",3,300,750,0.01,2,[-1.99009509e+00 -5.96999413e+00  2.07946900e-05],10.347211278629496,4.771622896194458
130,ackley,"(-32.768, 32.768)",3,300,750,0.01,3,[ 1.98730913 -0.99365755  4.96812322],9.35301677785267,4.842954874038696
131,ackley,"(-32.768, 32.768)",3,300,750,0.01,4,[-5.97243968  1.9908664   1.99088882],10.685830195839143,4.944728136062622
132,ackley,"(-32.768, 32.768)",3,300,750,0.1,2,[ 0.99162649 -3.96628859 -1.98325704],8.191700200837538,4.833031892776489
133,ackley,"(-32.768, 32.768)",3,300,750,0.1,3,[ 0.96855772  0.96857193 -0.96856422],3.574452251372364,4.865505933761597
134,ackley,"(-32.768, 32.768)",3,300,750,0.1,4,[-2.9858834  -2.98615428  4.97664216],10.603804897085297,5.010654926300049
135,ackley,"(-32.768, 32.768)",3,300,1000,0.001,2,[-2.81882248 -1.58732771 -3.84538298],10.47892384142754,6.549928903579712
136,ackley,"(-32.768, 32.768)",5,500,250,0.001,2,[ 0.63760699  8.30106452 -5.03430128 -5.72739508 -3.19947734],14.679168346011505,2.682003974914551
137,ackley,"(-32.768, 32.768)",3,300,1000,0.001,3,[ 3.08140946 -1.91140801 -2.14843859],8.260395455834928,6.43390417098999
138,ackley,"(-32.768, 32.768)",5,500,250,0.001,3,[ 1.90100792  7.50608516  8.98909952 -6.1369974  -6.20102166],15.936977984257549,2.7273898124694824
139,ackley,"(-32.768, 32.768)",3,300,1000,0.001,4,[ 1.03276302 -0.60210423 -4.20129448],9.467582009910346,6.484940052032471
140,ackley,"(-32.768, 32.768)",3,300,1000,0.01,2,[ 0.99513035 -1.99025452  5.97065703],10.434549686672215,6.445619344711304
141,ackley,"(-32.768, 32.768)",5,500,250,0.001,4,[13.99237135 -1.13607222 -1.63993192  4.39054757  2.08903431],16.22089137412121,2.686784029006958
142,ackley,"(-32.768, 32.768)",3,300,1000,0.01,3,[ 5.34723067e-06  8.97691773e+00 -7.35994565e-06],12.916079465830071,6.4680750370025635
143,ackley,"(-32.768, 32.768)",3,300,1000,0.1,2,[-0.00138502 -0.00148475  0.00058126],0.004956686634262741,6.392086029052734
144,ackley,"(-32.768, 32.768)",3,300,1000,0.01,4,[-9.59723930e-01  9.59666573e-01  7.92430529e-06],2.958279641726382,6.630584001541138
145,ackley,"(-32.768, 32.768)",3,300,1000,0.1,3,[-3.97119977 -0.992852   -2.97847378],8.87675679295695,6.50291109085083
146,ackley,"(-32.768, 32.768)",3,300,1000,0.1,4,[ 1.99377291 -7.97599757 -0.99702823],12.324735384498643,6.636714220046997
147,ackley,"(-32.768, 32.768)",5,500,250,0.01,2,[-12.28583573   4.13476015   1.90249917  -6.88980107   5.95502152],16.10084715680446,2.7165231704711914
148,ackley,"(-32.768, 32.768)",5,500,250,0.01,3,[11.99018732 -2.13394167 -1.94709018  0.0258322   4.0127305 ],13.942893912280104,2.746711015701294
149,ackley,"(-32.768, 32.768)",5,500,250,0.01,4,[-5.8563137   8.62426201  3.03524973  4.41919594  3.66074576],15.14934868608766,2.7278079986572266
150,ackley,"(-32.768, 32.768)",5,500,250,0.1,2,"[-5.98005909e+00  1.99425513e+00 -7.97424850e+00 -4.84259328e-04
  1.99457187e+00]",12.093432661582352,2.6687819957733154
151,ackley,"(-32.768, 32.768)",5,500,250,0.1,3,[ -0.99895901  -0.99880851  -5.99160749  -1.99734137 -12.97974466],14.539618749183317,2.735388994216919
152,ackley,"(-32.768, 32.768)",5,500,250,0.1,4,"[-6.97544273e+00  5.97893123e+00 -2.98857523e+00  1.88529928e-03
 -1.99345365e+00]",11.736601913086737,2.7210261821746826
153,ackley,"(-32.768, 32.768)",5,500,500,0.001,2,[-9.44183883 -7.71552338  1.95939336  7.76746244 -4.97860163],16.47885399025818,5.394956111907959
154,ackley,"(-32.768, 32.768)",5,500,500,0.001,3,[8.67573772 3.22620571 2.13361714 5.16838603 8.8083052 ],15.69851034575981,5.450596809387207
155,ackley,"(-32.768, 32.768)",5,500,500,0.001,4,[ -0.75659611  -4.0476267   -6.06534058 -11.67157549   4.22319439],15.829861963854082,5.537735939025879
156,ackley,"(-32.768, 32.768)",5,500,500,0.01,2,[ 3.97311603  3.91459346  3.9619679  -0.05688429  4.01520857],10.295727582509764,5.380859851837158
157,ackley,"(-32.768, 32.768)",5,500,500,0.01,3,[ 3.98881959 -4.98578268  3.98855466 -3.98866681  6.98028943],12.54265326217509,5.437522888183594
158,ackley,"(-32.768, 32.768)",5,500,500,0.1,2,[ 1.99723847 -6.98952229  4.99257583 -9.98444214  5.99091186],14.589682688642645,5.370594024658203
159,ackley,"(-32.768, 32.768)",5,500,500,0.01,4,[-1.00300499  9.09757303 -0.99652618  3.97142532 -4.39357958],13.377411096278824,5.467849969863892
160,ackley,"(-32.768, 32.768)",5,500,500,0.1,3,"[-9.97570683e-01 -9.22401904e-05 -4.98749701e+00  2.99299769e+00
  9.97422476e+00]",12.91608570038051,5.392669916152954
161,ackley,"(-32.768, 32.768)",5,500,500,0.1,4,[-2.99516826 -3.99391659 -3.99379011 -4.99219552 11.98089864],14.522727790394622,5.500313758850098
162,ackley,"(-32.768, 32.768)",5,500,750,0.001,2,[-2.17034187  2.68333459  7.44230926  2.24309733 -0.86845758],12.436074543425015,8.03722333908081
163,ackley,"(-32.768, 32.768)",5,500,750,0.001,3,[  3.30024855  -0.93674864   1.95943225 -14.95579919   4.65182297],16.52166220135654,8.12047004699707
164,ackley,"(-32.768, 32.768)",5,500,750,0.001,4,[ -5.04661009   1.04388919  -8.35197039 -12.1371524    3.98741283],16.172809112089503,8.295042753219604
165,ackley,"(-32.768, 32.768)",5,500,750,0.01,2,[-1.99608098 -8.98255677 -6.98646583  3.99227226 -4.99030221],13.867133700081851,8.029381036758423
166,ackley,"(-32.768, 32.768)",5,500,750,0.01,3,"[ 1.96583844e-03  4.96670400e+00  4.99108913e+00 -1.29519781e+01
 -4.99770233e+00]",15.06701066342766,8.311191082000732
167,ackley,"(-32.768, 32.768)",5,500,750,0.01,4,[ 8.9832404  -2.99437526  8.98319752  2.99447583 -0.99810936],13.989387239489439,8.225908041000366
168,ackley,"(-32.768, 32.768)",5,500,750,0.1,2,[-4.99117485 -5.98937021 -1.99665773 -9.98208775  4.99064815],14.164621963563459,7.981929063796997
169,ackley,"(-32.768, 32.768)",5,500,750,0.1,3,"[-8.98054357e+00 -2.99429057e+00  5.62318008e-04  2.99344995e+00
  7.98348308e+00]",13.608320970030324,8.192816972732544
170,ackley,"(-32.768, 32.768)",5,500,750,0.1,4,[-2.99325088  5.98627808 -2.99332933 -8.9786019  -2.99267677],13.15376768358627,8.154421091079712
171,ackley,"(-32.768, 32.768)",5,500,1000,0.001,2,[ 2.54720018  0.08331229  3.73757558 -8.57324285 -6.2106666 ],14.727248209374274,10.686619997024536
172,ackley,"(-32.768, 32.768)",10,1000,250,0.001,2,"[ -2.55084979   2.42784467  -5.94115152 -14.4805839  -14.5208609
   6.43503299   5.84646466   1.59663343   9.0105744  -17.22644053]",19.047975959634922,5.410628795623779
173,ackley,"(-32.768, 32.768)",5,500,1000,0.001,3,[  5.39572653  -3.44513442   2.39627765  -5.25757592 -10.35306915],16.196032468481324,10.887871026992798
174,ackley,"(-32.768, 32.768)",10,1000,250,0.001,3,"[ 1.40361977e+01 -3.78744352e+00  3.47378008e+00  1.23158765e+01
 -2.18284408e+01  3.11239700e+00  1.78962938e-02  2.33469429e-01
 -5.03556643e+00  1.46987420e+00]",18.444447315821975,5.56911826133728
175,ackley,"(-32.768, 32.768)",5,500,1000,0.001,4,[-9.04713238  2.14880584 -2.50976718  3.84898724 -2.54731775],13.98782432080227,10.884275197982788
176,ackley,"(-32.768, 32.768)",5,500,1000,0.01,2,[ 3.98190111  1.990846    6.9680378  -1.99104104 -0.99547796],10.718179045836024,10.793124914169312
177,ackley,"(-32.768, 32.768)",5,500,1000,0.01,3,[  4.00046909 -12.97873779   2.98914384   2.99013099   4.11222211],14.813891948562752,10.887383222579956
178,ackley,"(-32.768, 32.768)",5,500,1000,0.1,2,"[-2.99344008e+00  1.09744459e+01  2.99325702e+00 -2.99220690e+00
  2.79508650e-05]",13.254501525163462,10.74272108078003
179,ackley,"(-32.768, 32.768)",5,500,1000,0.01,4,"[-9.97561869e-01 -9.97554750e-01  1.56093915e-05  9.97487197e+00
  5.98495798e+00]",12.997070008782051,11.161139965057373
180,ackley,"(-32.768, 32.768)",5,500,1000,0.1,3,[-7.98317592 -5.9870078   3.99105874  5.9872551   1.99481285],13.447705950238095,10.740844964981079
181,ackley,"(-32.768, 32.768)",10,1000,250,0.001,4,"[-14.24137039  15.76865871   9.43806968  11.32770801  -1.77460609
  12.2941378    0.98920194   0.83618622   9.15086681   2.13381016]",18.60745552664383,5.448746919631958
182,ackley,"(-32.768, 32.768)",10,1000,250,0.01,2,"[-3.21097641 -2.93511151 16.08937182 -9.05594578  2.15154059 -2.50866572
  3.86397594 -2.55267082 -1.05817721  1.2944459 ]",15.691793407460606,5.401226043701172
183,ackley,"(-32.768, 32.768)",5,500,1000,0.1,4,[ 6.98183772  0.99724879 -1.99511314 -5.98535491  6.98249005],13.023681311858553,11.170110940933228
184,ackley,"(-32.768, 32.768)",10,1000,250,0.01,3,"[  4.95731247 -18.08286328  13.00981492   7.0959899   -7.56393796
  -2.01431245   8.63893319  10.02596365  -5.16247313  -2.89997605]",17.8121514175433,5.51790714263916
185,ackley,"(-32.768, 32.768)",10,1000,250,0.01,4,"[  8.8462459    1.86118642 -14.07626053  -7.01167279  -3.75498519
  -0.20984156 -24.80463288 -10.04462281 -12.12168984  -7.15529094]",18.78061007404579,5.510848045349121
186,ackley,"(-32.768, 32.768)",10,1000,250,0.1,2,"[ -1.99916746 -18.98623958   4.99779137  -2.99877709  -6.99411877
  -6.99586853 -13.99147088  -6.99533067   3.996059    -1.99875266]",16.507857889073723,5.410855293273926
187,ackley,"(-32.768, 32.768)",10,1000,250,0.1,3,"[ 2.99802946e+00  3.40391172e-04  9.96964066e-01  2.09874604e+01
 -7.99493580e+00 -3.99863317e+00 -1.64186909e-03  7.99388123e+00
 -5.99657504e+00  1.29936239e+01]",16.655006674696303,5.600203037261963
188,ackley,"(-32.768, 32.768)",10,1000,250,0.1,4,"[-9.99273750e+00 -4.99580465e+00  1.99811618e+01  1.79575714e-04
 -3.99461657e+00  8.99188466e+00 -2.99577693e+00 -9.46629075e-04
  1.99973605e+00 -7.99302779e+00]",16.240495162351007,5.488120079040527
189,ackley,"(-32.768, 32.768)",10,1000,500,0.001,2,"[-0.85879636 12.19133864 -6.95523398 -3.69806666  3.96746155 -8.01416439
  1.74262418 -6.16426923 26.18984554  9.94412986]",18.590209734139634,10.977581262588501
190,ackley,"(-32.768, 32.768)",10,1000,500,0.001,3,"[  8.87736549  -5.96838047   1.33312687   2.34184234   4.87771639
  17.79502012 -16.78794267   4.43228146   9.05043384 -10.1521916 ]",18.582386426085503,10.941113948822021
191,ackley,"(-32.768, 32.768)",10,1000,500,0.01,2,"[  5.02224128 -15.96821544   2.99330527   5.95390805  14.32766531
   2.81326238   4.92307514  -6.04885387  -4.96382478  -3.10154716]",16.535190981764867,10.873420000076294
192,ackley,"(-32.768, 32.768)",10,1000,500,0.01,3,"[ 5.82774079  0.85501639  2.72305029 -7.05208219  6.08469962  2.04820661
  4.01479178  5.86951572 18.61472825 -6.02599324]",16.530100417249077,10.901828050613403
193,ackley,"(-32.768, 32.768)",10,1000,500,0.001,4,"[11.66886972 -0.44446805  2.30846615  2.61197497 -0.62865163 -3.93971278
 18.72482723  0.09918285 11.90009954 13.3859295 ]",18.65313780075808,11.056406021118164
194,ackley,"(-32.768, 32.768)",10,1000,500,0.1,2,"[ 1.99866077e+01  7.02895905e-04  6.99365446e+00  9.99313528e+00
  2.99974463e+00 -8.32247267e-04  3.99477741e+00 -1.39899558e+01
  9.98625807e-01 -1.00008391e+00]",16.547553703294547,10.815966844558716
195,ackley,"(-32.768, 32.768)",10,1000,500,0.01,4,"[-1.40088618e+01  1.98292037e+00  5.95127645e+00 -6.09373630e-03
 -9.98739543e+00  1.69764855e+01 -1.10490462e+01 -2.39960024e+01
 -2.01203759e+00 -9.88865555e-01]",18.034486376379938,11.02742314338684
196,ackley,"(-32.768, 32.768)",10,1000,500,0.1,3,"[-18.98790371  10.99285114   5.99772868   0.99854327   5.99526389
  -8.99476448 -11.99315383  -3.99842848  -8.9944052   -4.99901699]",17.005432180238383,10.912737846374512
197,ackley,"(-32.768, 32.768)",10,1000,500,0.1,4,"[-10.9910965    1.9998267   11.98950145  -2.99870949  16.98669176
   7.99522228  -2.9962658   -4.99485159   6.99447747   2.99705566]",16.34604208402158,11.00182557106018
198,ackley,"(-32.768, 32.768)",10,1000,750,0.001,2,"[ -8.41270158 -10.64675834   4.6930457    5.11509271  -8.82048689
 -17.82980839  -6.22482518  -8.78702755  -2.69469373  -4.03064019]",18.158162300807135,16.397277355194092
199,ackley,"(-32.768, 32.768)",10,1000,750,0.001,3,"[ -6.06945723   8.48229507  10.15565727  -2.64404699  14.47083982
  -6.28805988  -2.233722   -18.81250507   4.73719116  -2.40225008]",18.734331795252345,16.74729013442993
200,ackley,"(-32.768, 32.768)",10,1000,750,0.001,4,"[ -8.07666679  -5.65436224  -7.62039301   5.45967357 -10.88534384
  -4.31861053  -1.39109384 -11.26623514  -3.95784295   8.65489514]",17.269316626928564,16.55190110206604
201,ackley,"(-32.768, 32.768)",10,1000,750,0.01,2,"[ 7.99208411 -2.50853603  5.93943438  2.05315549 -6.21338952 -0.12015124
  3.89064669 22.03188699  2.97952125 15.99639711]",17.831671643988376,16.352308988571167
202,ackley,"(-32.768, 32.768)",10,1000,750,0.01,3,"[ -0.99947616   0.96293239  -5.96640503  19.9639277  -17.92720578
   0.84614213   0.89667313   2.96829667   2.00480196   9.01458838]",17.06495288222725,16.513669967651367
203,ackley,"(-32.768, 32.768)",10,1000,750,0.01,4,"[ -6.9830878  -16.01459296 -12.98288286  -8.02861831   6.02846801
   2.96246364   9.3282891  -18.00824124  -2.00749775   0.70142852]",17.965343763200828,16.49523901939392
204,ackley,"(-32.768, 32.768)",10,1000,750,0.1,2,"[ -6.99651425   2.0010026  -12.99580724  -3.00005127  -8.99637881
 -15.99105775   1.99992973   0.9996014   23.99166059   4.99840774]",17.708746957969826,16.287126064300537
205,ackley,"(-32.768, 32.768)",10,1000,750,0.1,3,"[ -6.99757274  -2.99980166 -18.9884765   14.99162221   3.99809089
 -15.99133556  -3.99660244  -2.99680737   2.99903073  -3.99718543]",17.197454186799288,16.37953281402588
206,ackley,"(-32.768, 32.768)",10,1000,750,0.1,4,"[  0.99775839  -4.9988819   -0.99858735 -12.99404466   4.99517281
   3.99773183  11.99168548  23.98634484  -2.9983187   -2.99818718]",17.222986801408442,16.634103775024414
207,rastrigin,"(-5.12, 5.12)",3,300,250,0.001,2,[-0.8241712   1.98914652 -0.06287024],10.93984591566408,1.0857582092285156
208,rastrigin,"(-5.12, 5.12)",3,300,250,0.001,3,[ 1.00405549 -1.98823135 -1.0034255 ],6.000943064852073,1.1344492435455322
209,rastrigin,"(-5.12, 5.12)",3,300,250,0.001,4,[ 0.93081194 -3.02820148  0.00880218],11.138488423421489,1.1585099697113037
210,rastrigin,"(-5.12, 5.12)",3,300,250,0.01,2,[-9.94922620e-01 -1.98987497e+00 -2.24141504e-05],4.9747908794409526,1.0851078033447266
211,ackley,"(-32.768, 32.768)",10,1000,1000,0.001,2,"[ -0.91552023  18.86537682   1.30239934  15.97498899   1.22607551
   2.28993642   3.14011159   4.02454431 -18.97524617   6.22733115]",18.506550856084694,21.63682794570923
212,rastrigin,"(-5.12, 5.12)",3,300,250,0.01,3,[0.99493302 0.99499465 1.98989422],5.969749756219542,1.1313350200653076
213,rastrigin,"(-5.12, 5.12)",3,300,250,0.01,4,[ 9.94923357e-01  1.98990269e+00 -3.27719857e-05],4.974790725579577,1.0870580673217773
214,rastrigin,"(-5.12, 5.12)",3,300,250,0.1,2,[ 1.98992555e+00 -9.94882157e-01  1.84043396e-04],4.9747981625638715,1.071861982345581
215,rastrigin,"(-5.12, 5.12)",3,300,250,0.1,3,[-0.99606892 -0.99435837 -0.99439449],2.98525618130968,1.1258037090301514
216,rastrigin,"(-5.12, 5.12)",3,300,250,0.1,4,[-1.9897324  -1.98987764  0.99478533],8.954634033926467,1.1324188709259033
217,rastrigin,"(-5.12, 5.12)",3,300,500,0.001,2,[-0.97646418  1.99495249  0.02991972],5.224568327543931,2.177680015563965
218,rastrigin,"(-5.12, 5.12)",3,300,500,0.001,3,[-0.14212263  0.98693504  0.77230858],13.956357064989366,2.1634938716888428
219,ackley,"(-32.768, 32.768)",10,1000,1000,0.001,3,"[-18.64338353   5.55229999   5.32058766  -3.08243617  -7.6332922
   0.77593062 -10.10206305  -0.13403716   5.30582074  -8.80271248]",17.90578361110054,22.019960165023804
220,rastrigin,"(-5.12, 5.12)",3,300,500,0.01,2,[-3.37074052e-05  1.98988836e+00  1.98991184e+00],7.959662719384745,2.245203971862793
221,rastrigin,"(-5.12, 5.12)",3,300,500,0.001,4,[2.00886716 1.97509622 0.97894271],9.11996799980124,2.3871469497680664
222,rastrigin,"(-5.12, 5.12)",3,300,500,0.01,3,[ 9.94875589e-01 -6.61260892e-05  9.94926577e-01],1.9899205531487354,2.7852349281311035
223,rastrigin,"(-5.12, 5.12)",3,300,500,0.01,4,[ 1.98991998e+00 -3.33258603e-06  1.98992919e+00],7.959662452084576,2.7406768798828125
224,rastrigin,"(-5.12, 5.12)",3,300,500,0.1,2,[0.99494786 1.98989199 1.99007732],8.954626938294563,2.7229881286621094
225,rastrigin,"(-5.12, 5.12)",3,300,500,0.1,3,[-1.98943728e+00 -1.13236886e-04 -9.94750318e-01],4.974846058618855,2.245512008666992
226,rastrigin,"(-5.12, 5.12)",3,300,500,0.1,4,[9.93753303e-01 1.12863568e-03 6.45693544e-04],0.9955825474163689,2.33135724067688
227,rastrigin,"(-5.12, 5.12)",3,300,750,0.001,2,[1.07296152 1.99377804 0.96694542],7.316438166329931,3.3270201683044434
228,ackley,"(-32.768, 32.768)",10,1000,1000,0.01,2,"[-4.00668074e+00  8.96617586e+00  1.59368236e+01 -3.96608772e+00
 -5.17992060e+00 -6.99919128e+00  1.04072928e-02  3.01183836e+00
 -1.79937826e+01 -8.98769105e+00]",17.040526485017818,22.34607982635498
229,ackley,"(-32.768, 32.768)",10,1000,1000,0.001,4,"[ -1.11485052 -12.85547628  -5.69312045   4.30898878  22.04785827
  -1.87582079   4.13597954  14.46409188  -0.92813258  -2.26313443]",18.514114193545648,22.950810194015503
230,ackley,"(-32.768, 32.768)",10,1000,1000,0.1,2,"[ 11.99059203   2.99552822   6.99395408   4.99406223  -4.99447044
  10.98882369   7.99309032  -1.99788503   6.9927197  -12.98736953]",16.05331154518478,22.36782193183899
231,ackley,"(-32.768, 32.768)",10,1000,1000,0.01,3,"[ 5.00876033  5.00074188 -1.99795409 19.0895066   2.00663712  9.9832726
  9.97561939 -1.04073823 -7.97707412 -1.96692999]",16.267543312567714,22.829750776290894
232,ackley,"(-32.768, 32.768)",10,1000,1000,0.01,4,"[  3.07464698   4.11278517   3.00207147   5.92345961  -8.04269433
 -13.9570121    3.99669136 -12.97189242  -4.9351323   -0.97516347]",15.56652954084248,22.97954487800598
233,rastrigin,"(-5.12, 5.12)",3,300,750,0.001,3,[ 8.16738988e-07 -9.94841984e-01 -9.95025900e-01],1.9899217097881348,3.454771041870117
234,rastrigin,"(-5.12, 5.12)",3,300,750,0.001,4,[-2.04120943 -0.99558714  1.00218798],6.5002449585590405,3.5696370601654053
235,rastrigin,"(-5.12, 5.12)",3,300,750,0.01,2,[-1.98987499  1.98993019 -0.99495389],8.954621781192007,3.36022686958313
236,rastrigin,"(-5.12, 5.12)",3,300,750,0.01,3,[ 0.994939   -1.98988305  0.99497369],5.969749594742321,3.400139093399048
237,rastrigin,"(-5.12, 5.12)",3,300,750,0.01,4,[-1.98988818e+00 -3.29227861e-05  9.94947989e-01],4.974790599769342,3.5019867420196533
238,ackley,"(-32.768, 32.768)",10,1000,1000,0.1,3,"[ 3.99598416e+00 -7.99032460e+00  2.99529804e+00 -4.99339533e+00
  1.24846160e-03 -9.98824596e+00 -1.69813527e+01 -1.62245578e-03
 -8.98940605e+00  2.99753174e+00]",15.70958013290237,22.705822944641113
239,rastrigin,"(-5.12, 5.12)",3,300,750,0.1,2,[ 6.69937230e-04  1.18364779e-03 -9.95768696e-01],0.995456174266721,3.4056921005249023
240,ackley,"(-32.768, 32.768)",10,1000,1000,0.1,4,"[-0.99840744 19.98786341 -2.99614595  6.99509996  7.9935067  -7.99630315
  6.99510635 -1.99849448 -7.9937116  10.99381569]",16.746508064595886,22.992117166519165
241,rastrigin,"(-5.12, 5.12)",3,300,750,0.1,3,[-0.99490816 -0.9948373  -0.99509036],2.984884036641038,3.457551956176758
242,rastrigin,"(-5.12, 5.12)",3,300,750,0.1,4,[ 6.12669734e-04  9.95371624e-01 -7.49885151e-04],0.9951789087124467,3.538583993911743
243,rastrigin,"(-5.12, 5.12)",3,300,1000,0.001,2,[-9.94956029e-01 -1.01355904e-07  1.98991126e+00],4.97479024918794,4.507907867431641
244,rastrigin,"(-5.12, 5.12)",5,500,250,0.001,2,[-0.05970395  1.82564969  1.98579552 -0.85904406  1.78067857],29.104160927696014,1.8686110973358154
245,rastrigin,"(-5.12, 5.12)",3,300,1000,0.001,3,[2.76368789e-06 1.98991486e+00 9.94957618e-01],4.974790250736106,4.582647800445557
246,rastrigin,"(-5.12, 5.12)",3,300,1000,0.001,4,[-0.93550619  0.02028947 -1.03409361],3.0645184479535317,4.615782976150513
247,rastrigin,"(-5.12, 5.12)",3,300,1000,0.01,2,[-2.28669642e-05 -9.94953175e-01 -2.98484991e+00],9.949560414857366,4.4714391231536865
248,rastrigin,"(-5.12, 5.12)",5,500,250,0.001,3,[1.81717564 1.04127489 2.13549467 1.02860154 1.01772591],20.911572192393486,1.8525681495666504
249,rastrigin,"(-5.12, 5.12)",3,300,1000,0.01,3,[ 9.94966759e-01 -7.02544397e-05 -9.94895522e-01],1.9899198963816929,4.654056072235107
250,rastrigin,"(-5.12, 5.12)",3,300,1000,0.01,4,[ 3.88743668e-05 -1.43532383e-04 -9.94891813e-01],0.9949643295589539,4.6409032344818115
251,rastrigin,"(-5.12, 5.12)",3,300,1000,0.1,2,[ 9.94464120e-01  9.95436752e-01 -5.59855262e-04],1.9900741180951123,4.459514856338501
252,rastrigin,"(-5.12, 5.12)",5,500,250,0.001,4,[-1.17182449 -2.9200102   2.02571414 -1.81401549  2.01714114],34.156064000270135,1.8822400569915771
253,rastrigin,"(-5.12, 5.12)",3,300,1000,0.1,3,[ 0.00300781  0.00058121 -0.0009846 ],0.0020541283139863253,4.547014951705933
254,rastrigin,"(-5.12, 5.12)",5,500,250,0.01,2,[ 1.08174823 -2.18487857  0.99081591  0.00866429 -0.86630608],18.345057689528875,1.8510692119598389
255,rastrigin,"(-5.12, 5.12)",3,300,1000,0.1,4,[ 2.39372778e-04 -9.96513947e-01 -3.93312894e-04],0.9954808292343138,4.6159348487854
256,rastrigin,"(-5.12, 5.12)",5,500,250,0.01,3,"[ 1.90189204e-04 -9.94939347e-01 -2.98498217e+00 -1.38654100e-05
  9.94990779e-01]",10.944530007746557,1.8628509044647217
257,rastrigin,"(-5.12, 5.12)",5,500,250,0.01,4,[ 1.06400462  0.91446402 -1.91177764 -1.99361422 -0.90311427],15.922743601437652,1.8820490837097168
258,rastrigin,"(-5.12, 5.12)",5,500,250,0.1,2,"[9.93822859e-01 9.95889179e-01 9.93201540e-01 1.11312308e-03
 9.75186448e-04]",2.9863512756558492,1.8501458168029785
259,rastrigin,"(-5.12, 5.12)",5,500,250,0.1,3,[ 1.99023984 -0.99416604  1.98997071  0.99561398 -0.99375705],10.9450574854272,1.9005811214447021
260,rastrigin,"(-5.12, 5.12)",5,500,250,0.1,4,[-1.989461   -0.99564028  1.9898074  -2.98512382 -0.99487481],18.904331955561975,1.8487019538879395
261,rastrigin,"(-5.12, 5.12)",5,500,500,0.001,2,[-0.87403145 -1.10040482 -1.5308103  -0.99212449 -0.87592964],33.67986297712143,3.6748430728912354
262,rastrigin,"(-5.12, 5.12)",5,500,500,0.001,3,[-0.86305447 -0.84226878  0.97663182  2.96734683 -2.86189419],31.256498296430568,3.757490873336792
263,rastrigin,"(-5.12, 5.12)",5,500,500,0.001,4,[ 1.06358454  0.12730599  2.00511271 -0.02100691 -0.22427075],17.520810839915143,3.8266961574554443
264,rastrigin,"(-5.12, 5.12)",5,500,500,0.01,2,[-0.02471425 -2.84825221  1.01127359 -0.03033867  0.00907896],13.690976168553249,3.6732537746429443
265,rastrigin,"(-5.12, 5.12)",5,500,500,0.01,3,"[ 2.98497111e+00  1.98998151e+00 -7.67404267e-06 -9.94963250e-01
  1.98994127e+00]",17.90922644334401,3.7623281478881836
266,rastrigin,"(-5.12, 5.12)",5,500,500,0.1,2,"[ 5.29524162e-04 -1.89837038e-04  3.97944162e+00 -9.94575399e-01
  1.10607611e-04]",16.91432022650543,3.6473379135131836
267,rastrigin,"(-5.12, 5.12)",5,500,500,0.01,4,"[-9.94581909e-01  1.95106996e-04  9.94862617e-01 -2.59648455e-04
 -5.18966532e-04]",1.9900224436982867,3.7553651332855225
268,rastrigin,"(-5.12, 5.12)",5,500,500,0.1,3,"[ 1.18233088e-03 -9.95862617e-01 -6.82001322e-04 -9.94373539e-01
 -1.98953804e+00]",5.970376567785053,3.7423360347747803
269,rastrigin,"(-5.12, 5.12)",5,500,500,0.1,4,[ 1.989664   -0.99515578  1.99016147  1.99038448 -2.98495982],21.88913237648086,3.791905164718628
270,rastrigin,"(-5.12, 5.12)",5,500,750,0.001,2,[ 1.96587585  0.83460742  0.89126673 -1.06671546  1.26720057],27.44789437801792,5.514333963394165
271,rastrigin,"(-5.12, 5.12)",5,500,750,0.001,3,[-0.15964642 -1.17398991  1.18307957 -1.08939492  2.13881281],29.614290798411016,5.5879998207092285
272,rastrigin,"(-5.12, 5.12)",5,500,750,0.001,4,[ 0.04589722  0.88108444  1.06436768 -0.67244501 -2.06903328],26.136293184984233,5.71130895614624
273,rastrigin,"(-5.12, 5.12)",5,500,750,0.01,2,"[-2.98490133e+00 -9.94976742e-01  3.76491582e-05 -1.04038873e-05
  2.98487371e+00]",18.904162382924817,5.501553773880005
274,rastrigin,"(-5.12, 5.12)",5,500,750,0.01,3,[ 0.99491752 -0.99493327  1.98992312  0.99484133 -1.98986011],10.944543305091344,5.60804009437561
275,rastrigin,"(-5.12, 5.12)",5,500,750,0.01,4,"[ 2.98483396e+00  1.98990004e+00 -2.52981838e-06 -2.98489911e+00
 -9.94946237e-01]",22.8839932572723,5.676062107086182
276,rastrigin,"(-5.12, 5.12)",5,500,750,0.1,2,"[-3.91394600e-04  3.93779397e-04 -9.94483146e-01 -1.99167888e+00
  9.94248806e-01]",5.970573290005731,5.531983852386475
277,rastrigin,"(-5.12, 5.12)",5,500,750,0.1,3,[ 1.99021298  0.99464344 -0.99530448  1.99046467  0.99475668],10.944669398904288,5.565346002578735
278,rastrigin,"(-5.12, 5.12)",5,500,750,0.1,4,"[-1.09919654e-04  9.96214641e-01 -9.95391175e-01  1.46587164e-03
  1.61475067e-03]",1.9912140359158457,5.6617820262908936
279,rastrigin,"(-5.12, 5.12)",5,500,1000,0.001,2,[-1.21957163 -1.33543463  0.11009097  1.9833821   0.08187218],34.084205596995034,7.378904104232788
280,rastrigin,"(-5.12, 5.12)",10,1000,250,0.001,2,"[-0.015905    3.04558867  0.91349648  2.8597651   2.79471705  1.62021405
 -2.07734693  1.24115703 -3.0085759   0.90957472]",86.69009490676065,3.7407469749450684
281,rastrigin,"(-5.12, 5.12)",5,500,1000,0.001,3,[-1.88115535 -2.02993496  0.07896911 -1.88115331 -2.02087071],22.078120424288983,7.521435737609863
282,rastrigin,"(-5.12, 5.12)",10,1000,250,0.001,3,"[ 1.43826838 -2.05968719 -0.07394364  2.92379191 -0.91311546 -1.56529169
  2.15556192 -0.04764041  0.00837461 -3.23916183]",90.23682274697501,3.8721370697021484
283,rastrigin,"(-5.12, 5.12)",5,500,1000,0.001,4,[-0.9253123  -1.06962761  1.11976611 -2.00271269  2.03799508],16.426623295743376,7.6045989990234375
284,rastrigin,"(-5.12, 5.12)",5,500,1000,0.01,2,"[-2.98488080e+00  2.73070925e-05  1.98992918e+00 -1.77284140e-05
  1.98993691e+00]",16.914264134702925,7.435370922088623
285,rastrigin,"(-5.12, 5.12)",5,500,1000,0.01,3,"[ 1.98987399e+00  2.98482934e+00  1.98989435e+00  9.94920686e-01
 -3.24707419e-05]",17.909223664651854,7.4973180294036865
286,rastrigin,"(-5.12, 5.12)",5,500,1000,0.1,2,"[-1.99053533e+00 -5.02582410e-04 -9.95453763e-01 -9.94539070e-01
  1.99002205e+00]",9.94979339061932,7.332437992095947
287,rastrigin,"(-5.12, 5.12)",5,500,1000,0.01,4,"[-9.94987715e-01 -9.94955146e-01  9.94721444e-01 -1.36701567e-04
 -9.94899238e-01]",3.979851961440275,7.60024619102478
288,rastrigin,"(-5.12, 5.12)",5,500,1000,0.1,3,"[ 1.99044643e+00  3.44805714e-04 -7.05740716e-04 -1.00804482e-03
  1.98994646e+00]",7.960043113566357,7.4937028884887695
289,rastrigin,"(-5.12, 5.12)",5,500,1000,0.1,4,"[ 1.48516407e-04 -9.95001094e-01  3.97980629e+00 -5.34976074e-04
 -2.98483133e+00]",25.868865820315506,7.531476974487305
290,rastrigin,"(-5.12, 5.12)",10,1000,250,0.001,4,"[-2.50896664  0.02601941  1.40643752  0.93360119  0.03767365 -0.99900666
  0.83196525  0.29118892  3.14367196 -0.26769007]",92.99969511460307,3.8185012340545654
291,rastrigin,"(-5.12, 5.12)",10,1000,250,0.01,2,"[-0.02441923  0.90065849 -4.70568829 -1.90930424  0.98571749  0.02084545
 -0.22675031 -1.91562912  0.33936296 -0.84869301]",78.01692887232869,3.7068021297454834
292,rastrigin,"(-5.12, 5.12)",10,1000,250,0.01,3,"[ 1.09488278 -1.12228445  0.12878418 -2.53655095  2.83676219  0.13806862
  0.11321034  2.07352185  4.79333738  1.019094  ]",91.87597732395133,3.8207719326019287
293,rastrigin,"(-5.12, 5.12)",10,1000,250,0.01,4,"[ 0.80027548  0.95257589  3.0636057   1.10345241 -1.24211192 -1.11292161
 -0.82634747  3.11360554  0.80512715 -0.33615175]",77.7339491740274,3.7972819805145264
294,rastrigin,"(-5.12, 5.12)",10,1000,250,0.1,2,"[-9.91253306e-01  9.83289463e-01  1.01789343e+00 -2.02797631e+00
  2.76577667e-03  4.00005220e+00  9.87672044e-01  6.77948284e-03
 -1.97153500e-03 -3.03532964e-02]",24.58516990544875,3.7822399139404297
295,rastrigin,"(-5.12, 5.12)",10,1000,250,0.1,3,"[ 1.98892855e+00  6.09099267e-06  1.65289795e-04  1.99043772e+00
 -3.97970148e+00 -1.99035566e+00 -2.98454478e+00  1.99033079e+00
  1.98984841e+00 -2.98435700e+00]",53.72799786364426,3.751495838165283
296,rastrigin,"(-5.12, 5.12)",10,1000,250,0.1,4,"[ 2.0036671  -0.00529115 -0.97447102 -3.77698281  1.007195    1.96557496
  0.01235441  1.9637701   1.99008994  1.00018207]",41.9251907044773,3.8261868953704834
297,rastrigin,"(-5.12, 5.12)",10,1000,500,0.001,2,"[ 3.19198212 -0.88716386 -3.86050178  0.45232163  1.0237365   0.85254389
  2.07179472 -1.01567658  0.25633568 -0.26572285]",91.85728472843842,7.351217031478882
298,rastrigin,"(-5.12, 5.12)",10,1000,500,0.001,3,"[-3.10613844 -0.3202785  -0.90031394 -1.81358697  3.9898868  -3.87835288
 -0.94986171  3.10330635  1.80899096 -0.9648463 ]",95.92004930944579,7.474780321121216
299,rastrigin,"(-5.12, 5.12)",10,1000,500,0.001,4,"[ 2.89888147 -0.7834223  -0.11913524 -0.14652652  3.02282651  1.88799238
 -2.06602523 -0.01522407 -0.69065487  2.3088202 ]",78.94592852532087,7.650564908981323
300,rastrigin,"(-5.12, 5.12)",10,1000,500,0.01,2,"[-0.93699959  1.03813555 -2.34940856  1.87626119  3.03037713 -1.14535333
 -0.13729991 -0.98930677  0.90825813  1.09698663]",55.30100940822646,7.407198905944824
301,rastrigin,"(-5.12, 5.12)",10,1000,500,0.01,3,"[-1.67687332  4.03452835  1.03257205 -3.92735848  0.36390409 -0.19941894
  0.95624585 -0.95036852 -0.95068971 -0.96865922]",80.27670187449397,7.548352003097534
302,rastrigin,"(-5.12, 5.12)",10,1000,500,0.1,2,"[ 9.95999435e-01  3.98113050e+00 -1.22394379e-03 -9.96711126e-01
 -1.99078381e+00 -9.95284611e-01 -9.95671706e-01 -1.06611000e-04
  9.95017549e-01 -1.98990988e+00]",28.8554548172786,7.3877787590026855
303,rastrigin,"(-5.12, 5.12)",10,1000,500,0.1,3,"[ 9.94814528e-01  2.98433823e+00 -9.95711486e-01  1.99001653e+00
 -4.01564095e-04  9.94644367e-01  4.97480109e+00  3.97974974e+00
  9.94472095e-01 -1.99048920e+00]",61.68740514226397,7.543548822402954
304,rastrigin,"(-5.12, 5.12)",10,1000,500,0.01,4,"[ 0.92374569  2.76653507  2.19661556  4.00379918  2.11423591  3.93655932
  2.99861856 -0.09660353  2.99804    -0.88160893]",92.57572246164489,7.773317337036133
305,rastrigin,"(-5.12, 5.12)",10,1000,500,0.1,4,"[ 3.89751881e-04 -9.94653348e-01 -9.95470860e-01 -3.98002417e+00
 -1.98927372e+00 -1.99119211e+00 -1.98993509e+00  5.76772506e-04
 -1.98974532e+00  9.96341751e-01]",34.82441382748331,7.646511077880859
306,rastrigin,"(-5.12, 5.12)",10,1000,750,0.001,2,"[ 3.14944393  2.9618656   0.00415324  1.42582041  1.26735838 -2.05027264
 -2.88303263  0.06282244 -0.19299235 -1.85935545]",86.74571570847405,11.087440967559814
307,rastrigin,"(-5.12, 5.12)",10,1000,750,0.001,3,"[ 1.92085092 -1.53556419 -0.20174096  1.9680348  -0.76350507  2.09268417
 -3.85014436  0.97239182 -1.91011371  0.93536322]",80.82603660493268,11.229088068008423
308,rastrigin,"(-5.12, 5.12)",10,1000,750,0.01,2,"[-2.90735091  3.90395826  1.11121383  1.79044414  1.91191054  0.83306027
  1.95233763 -1.05409075  1.81328698  3.02330361]",76.8370594845122,11.076581954956055
309,rastrigin,"(-5.12, 5.12)",10,1000,750,0.001,4,"[ 0.07960196 -2.96062199 -2.97177412 -1.81261753  3.79723554  1.93448494
 -3.94344543  0.95891659 -1.04718565  0.44480401]",93.37503052066552,11.43304705619812
310,rastrigin,"(-5.12, 5.12)",10,1000,750,0.01,3,"[-1.32048784  2.07096331  1.88535211 -0.07435775 -2.98485122  0.13612415
  1.1236293  -1.90136708  1.75134093 -0.52816061]",83.53640103128787,11.28681993484497
311,rastrigin,"(-5.12, 5.12)",10,1000,750,0.01,4,"[-2.03268867  1.9558595   0.9816205  -1.02541619 -2.09609096 -0.88809177
  1.97036434  2.08360287  3.10634121 -1.26760557]",54.3358223939895,11.451865673065186
312,rastrigin,"(-5.12, 5.12)",10,1000,750,0.1,2,"[-9.95152878e-01  6.02746589e-04 -2.98599219e+00 -4.98850007e-04
  1.98971086e+00  5.98437888e-04  9.94623942e-01 -6.10681214e-05
 -1.99006585e+00  3.98044193e+00]",34.82400154883403,11.048096179962158
313,rastrigin,"(-5.12, 5.12)",10,1000,750,0.1,3,"[ 1.99054003e+00 -2.98513191e+00 -1.33157066e-04 -1.98882979e+00
  4.97495514e+00  7.97002110e-05 -9.94463218e-01  9.95087428e-01
  1.79990843e-04  1.31405971e-04]",43.778309953273464,11.387143850326538
314,rastrigin,"(-5.12, 5.12)",10,1000,750,0.1,4,"[-1.98979410e+00 -9.94313412e-01  9.95557266e-01  1.98915127e+00
  7.74406706e-04  2.86580917e-04  1.99018063e+00 -1.99004903e+00
 -9.94743292e-01  4.97530821e+00]",43.77843286681113,11.620353937149048
315,griewank,"(-100, 100)",3,300,250,0.001,2,[ -0.87564155  13.08610449 -27.34072789],0.6006549186735775,1.400691032409668
316,griewank,"(-100, 100)",3,300,250,0.001,3,[-9.52213588  0.60110288 37.74626839],0.49002108822345214,1.399949073791504
317,rastrigin,"(-5.12, 5.12)",10,1000,1000,0.001,2,"[-1.67463527 -2.02724968  2.93594109  3.15003293  0.80672753  2.9294143
  0.91010582 -4.05590545  1.95309467  1.09157103]",88.28623005958684,14.779802083969116
318,griewank,"(-100, 100)",3,300,250,0.001,4,[ 25.27746462   4.180933   -15.51071695],0.3569476292412681,1.4187369346618652
319,griewank,"(-100, 100)",3,300,250,0.01,2,[6.27982286e+00 3.78011398e-05 2.17328142e+01],0.12812256215542794,1.382552146911621
320,griewank,"(-100, 100)",3,300,250,0.01,3,[-15.70013389  -4.43831413 -10.86647186],0.09614854156347019,1.4549751281738281
321,griewank,"(-100, 100)",3,300,250,0.01,4,[-2.82603160e+01 -1.27573949e-04 -5.43330132e+00],0.20715073408323081,1.4162943363189697
322,griewank,"(-100, 100)",3,300,250,0.1,2,[-15.70237903  -8.87779194 -16.30041311],0.14789658144030282,1.4022300243377686
323,rastrigin,"(-5.12, 5.12)",10,1000,1000,0.001,3,"[-1.05754328  1.07836174 -1.9360546  -0.1521566  -0.84508032 -1.20942546
  3.72678582 -2.0520853   1.01098145  3.41650066]",88.40325239036352,15.132697820663452
324,griewank,"(-100, 100)",3,300,250,0.1,3,[-34.5418537   22.18920271 -21.73273587],0.5399145030092576,1.4155158996582031
325,griewank,"(-100, 100)",3,300,250,0.1,4,[-18.84240298  26.62950912  10.86331554],0.29582648873833595,1.4115359783172607
326,griewank,"(-100, 100)",3,300,500,0.001,2,[ 9.90312313 23.07177387  1.61942293],0.7250126982784167,2.763843059539795
327,griewank,"(-100, 100)",3,300,500,0.001,3,[ -6.22609543 -12.39175452   5.0764003 ],0.2847542800398938,2.7997210025787354
328,rastrigin,"(-5.12, 5.12)",10,1000,1000,0.001,4,"[-3.09667217 -0.9899385  -0.97262184  5.02125917  0.89010496  0.29393642
 -0.13283047  0.94106006 -0.69033738 -1.00459388]",74.68664967172519,15.375564098358154
329,griewank,"(-100, 100)",3,300,500,0.001,4,[37.6096958  17.57057954 22.30467308],0.616582112785628,2.8321287631988525
330,rastrigin,"(-5.12, 5.12)",10,1000,1000,0.01,2,"[ 0.94268239  1.87726918 -3.86109785  1.84399787  0.98748492  0.07377175
  0.12373397  0.01468662 -1.27497104  2.95561714]",61.50336722227787,14.649672031402588
331,rastrigin,"(-5.12, 5.12)",10,1000,1000,0.01,3,"[-0.89240886  0.96804308 -0.96719296 -2.40561457 -3.04711035 -0.01076398
 -2.08570085  0.93486874  0.05125836 -1.20329421]",55.64001806908468,15.020674228668213
332,rastrigin,"(-5.12, 5.12)",10,1000,1000,0.1,2,"[ 3.97960200e+00 -9.94991757e-01  3.97945211e+00 -1.99019197e+00
  9.95495294e-01  9.94984754e-01 -9.95593398e-01 -8.86488138e-04
 -1.98984686e+00  9.94599127e-01]",44.773308657429816,14.770609855651855
333,rastrigin,"(-5.12, 5.12)",10,1000,1000,0.01,4,"[-1.03103039 -1.08673991  2.98077839  2.73046622  0.07230012  1.95872051
 -3.03388937 -3.97368307  0.83057808 -2.00166873]",71.91496117644547,15.289817810058594
334,griewank,"(-100, 100)",3,300,500,0.01,2,[28.2601686  -4.43849763 10.86633546],0.23425394654918819,2.7965328693389893
335,griewank,"(-100, 100)",3,300,500,0.01,3,[ 2.73770085e-05 -2.66308593e+01  9.02578132e-05],0.17747540971701503,2.8019182682037354
336,rastrigin,"(-5.12, 5.12)",10,1000,1000,0.1,3,"[-1.61884749e-04  9.95086972e-01 -3.98013362e+00 -9.95058161e-01
  2.98437788e+00 -7.44177571e-04 -9.06298854e-05  2.98519354e+00
 -9.94635868e-01 -1.99009887e+00]",40.79339582669243,14.911049842834473
337,griewank,"(-100, 100)",3,300,500,0.01,4,[ -9.41984189  -4.43866862 -21.73299815],0.14538328037172443,2.811023712158203
338,griewank,"(-100, 100)",3,300,500,0.1,2,[21.97973997 17.75548933 38.03059637],0.5618863525440986,2.7811167240142822
339,griewank,"(-100, 100)",3,300,500,0.1,3,[28.25849184  8.87559134 -5.43068807],0.22687318785155042,2.8001959323883057
340,griewank,"(-100, 100)",3,300,500,0.1,4,[ 3.45406968e+01 -3.10697984e+01  9.69658756e-04],0.539970404447219,2.826888084411621
341,rastrigin,"(-5.12, 5.12)",10,1000,1000,0.1,4,"[-5.54375400e-04  9.95379515e-01 -1.99015428e+00 -2.98353966e+00
 -1.99009206e+00  2.96887052e-04 -9.94192913e-01 -1.98976527e+00
 -1.99030493e+00  1.98976027e+00]",30.84430450844762,15.342334985733032
342,griewank,"(-100, 100)",3,300,750,0.001,2,[ -8.71240567  -4.07829153 -20.33683943],0.6299032653150483,4.17803692817688
343,griewank,"(-100, 100)",3,300,750,0.001,3,[ -3.09110027 -27.12594699   6.39285175],0.3911121670758201,4.1839752197265625
344,griewank,"(-100, 100)",3,300,750,0.001,4,[-44.24109496  -8.321504    -9.70760399],0.8367132883980555,4.288198947906494
345,griewank,"(-100, 100)",3,300,750,0.01,2,[ 1.56999998e+01 -2.21922601e+01  3.19369635e-05],0.18490100900290374,4.164246082305908
346,griewank,"(-100, 100)",3,300,750,0.1,2,[ 18.84099794  17.75159602 -21.73211494],0.28591952699506684,4.156338214874268
347,griewank,"(-100, 100)",3,300,750,0.01,3,[ 1.25600889e+01 -1.77536599e+01 -2.48393714e-04],0.11833665659716985,4.258372068405151
348,griewank,"(-100, 100)",3,300,750,0.01,4,[-34.54012719 -17.75377178  -5.4334716 ],0.38467540041253456,4.272861003875732
349,griewank,"(-100, 100)",3,300,750,0.1,3,[ 12.55930921 -17.75383708  10.86477545],0.14790190352626342,4.227344036102295
350,griewank,"(-100, 100)",3,300,750,0.1,4,[ 9.25045341e-04 -3.10703057e+01  5.43453867e+00],0.2489559135049325,4.274851083755493
351,griewank,"(-100, 100)",3,300,1000,0.001,2,[-28.25283676 -26.52419274  -5.57122609],0.3906493571482623,5.713327884674072
352,griewank,"(-100, 100)",5,500,250,0.001,2,[ -0.60494953  -2.73950665 -32.05094803   1.64745292 -29.13070861],1.6403218898533476,2.3062589168548584
353,griewank,"(-100, 100)",3,300,1000,0.001,3,[ 12.56009597 -26.63065059 -32.59947639],0.48301417678681347,5.736559867858887
354,griewank,"(-100, 100)",3,300,1000,0.001,4,[ 12.59880727 -34.98474432  10.38585536],0.48775334868347464,5.713841915130615
355,griewank,"(-100, 100)",3,300,1000,0.01,2,[  3.13998573 -44.38446228   5.4334095 ],0.5028444762997327,5.543244123458862
356,griewank,"(-100, 100)",3,300,1000,0.01,3,[-28.26026971 -17.75373482 -27.16617204],0.4634154128472697,5.689136028289795
357,griewank,"(-100, 100)",5,500,250,0.001,3,[-12.71542879 -49.26594204  30.93571619   0.97393582  19.88442947],1.5875650364906588,2.3945600986480713
358,griewank,"(-100, 100)",5,500,250,0.001,4,[ 41.20760847  13.34364155 -28.0941443  -30.50371481   0.28135869],1.174327988299905,2.3631441593170166
359,griewank,"(-100, 100)",3,300,1000,0.1,2,[ -6.27874448 -22.19264626   5.43252619],0.14050357009769,5.527508974075317
360,griewank,"(-100, 100)",3,300,1000,0.01,4,[ 2.82602876e+01 -2.14647708e-04 -5.43320410e+00],0.20715073856280664,5.689360857009888
361,griewank,"(-100, 100)",3,300,1000,0.1,3,[-15.69986363  -8.87817375 -27.16644349],0.2661520302978566,5.593903303146362
362,griewank,"(-100, 100)",3,300,1000,0.1,4,[ 21.980804    13.31476725 -10.8681798 ],0.19477630464552176,5.703108072280884
363,griewank,"(-100, 100)",5,500,250,0.01,2,[15.65646563 -0.86922308 28.31034984 -5.5471868  -6.39507973],0.6918983327341408,2.3297410011291504
364,griewank,"(-100, 100)",5,500,250,0.01,3,[-0.03620796 31.50982924 -0.81364025  7.15717385 12.19296843],0.7763756405401263,2.3346121311187744
365,griewank,"(-100, 100)",5,500,250,0.01,4,[ 40.82106239  22.19163613  21.73300062   6.26962668 -35.03379065],0.975793563746724,2.380096912384033
366,griewank,"(-100, 100)",5,500,250,0.1,2,"[-6.27740142e+00  8.87432412e+00  2.31751197e-03  3.13631982e+01
  2.10148637e+01]",0.38661119273666045,2.310142993927002
367,griewank,"(-100, 100)",5,500,250,0.1,3,[25.12033307 -8.88034671 16.29195226  6.27507032 28.02484475],0.45084129559053043,2.3586950302124023
368,griewank,"(-100, 100)",5,500,250,0.1,4,"[-9.42161739e+00  3.99512265e+01 -2.03059054e-03 -3.76176061e+01
  1.40115849e+01]",0.8253506771794122,2.376020908355713
369,griewank,"(-100, 100)",5,500,500,0.001,2,[-31.16656581  31.17024808  -0.81134486 -11.22387735   9.30919955],1.1860570211008834,4.608372926712036
370,griewank,"(-100, 100)",5,500,500,0.001,3,[ 33.30560068   8.68714377   6.69371298   7.67622647 -32.22325513],1.533473828366687,4.699196100234985
371,griewank,"(-100, 100)",5,500,500,0.001,4,[  9.85086132 -27.43587017  27.13936598  19.00765895  -5.05069474],1.002440430987548,4.771460056304932
372,griewank,"(-100, 100)",5,500,500,0.01,2,[-3.141483   13.31416037 21.73174109 18.81104155  7.0090344 ],0.2660502629102359,4.615830183029175
373,griewank,"(-100, 100)",5,500,500,0.01,3,[-12.5599759  -26.63155075  21.7330677  -25.08268913  14.01487923],0.5420153440919623,4.703099012374878
374,griewank,"(-100, 100)",5,500,500,0.01,4,[  3.13951685 -17.75324408 -38.0327879    6.27099579 -21.02186094],0.564114819331552,4.690837144851685
375,griewank,"(-100, 100)",5,500,500,0.1,2,"[ 9.42331911e+00  1.33189063e+01 -6.82447326e-03  6.28109413e+00
 -7.00041282e+00]",0.08875518903860424,4.6317970752716064
376,griewank,"(-100, 100)",5,500,500,0.1,3,[  6.28100262  17.75263522  32.5991554  -31.36353994  -7.00720343],0.6133905447975673,4.707910060882568
377,griewank,"(-100, 100)",5,500,500,0.1,4,[ 9.41414747 -8.87228183 -5.43354271 18.80554861  7.007104  ],0.1502894149761418,4.811197996139526
378,griewank,"(-100, 100)",5,500,750,0.001,2,[ -4.5686075  -18.11841479  10.77336515 -14.94154177  38.1735985 ],1.5257614936805766,6.982017993927002
379,griewank,"(-100, 100)",5,500,750,0.001,3,[22.14352335 30.53915935 14.9114072  10.63778733  4.83619804],1.2467241103903333,7.018142938613892
380,griewank,"(-100, 100)",5,500,750,0.01,2,"[ 3.45402222e+01  4.43840605e+01 -1.08658882e+01  3.83871166e-04
 -2.10222583e+01]",0.9317139651927587,6.916507959365845
381,griewank,"(-100, 100)",5,500,750,0.001,4,[ 9.31562878 -3.27757512 50.35801306  5.44715752 26.75093589],1.490518471913687,7.220473051071167
382,griewank,"(-100, 100)",5,500,750,0.01,3,"[-5.30404524e-04  2.21922775e+01 -5.43396713e+00 -1.25414716e+01
  5.29243382e-04]",0.17003778837251504,7.047493934631348
383,griewank,"(-100, 100)",5,500,750,0.1,2,[  9.41940652  -4.44302176 -27.17244029   6.26389897 -28.02172404],0.41867596369154736,6.860499858856201
384,griewank,"(-100, 100)",5,500,750,0.01,4,"[-1.05956378e-03 -2.21922643e+01  2.71658782e+01 -6.27040792e+00
 -2.10217220e+01]",0.4286311914634118,7.137883186340332
385,griewank,"(-100, 100)",5,500,750,0.1,3,"[-9.41631466e+00 -3.99413256e+01 -3.11139138e-04 -2.50837343e+01
  1.40128542e+01]",0.6283512567155763,7.012700319290161
386,griewank,"(-100, 100)",5,500,750,0.1,4,[ 3.13890716 13.31715526 10.86578844 25.09406464 42.03786064],0.6770435624725063,7.084821939468384
387,griewank,"(-100, 100)",5,500,1000,0.001,2,[ 31.25335774  -8.27710155  11.47455209 -11.54364064  12.09147505],0.8921589478667074,9.42016315460205
388,griewank,"(-100, 100)",10,1000,250,0.001,2,"[ 21.84197134   1.72093852 -22.36832484  52.2815813   20.00712217
  34.77027204  15.38907673   9.32224141  17.8022338    3.28852843]",2.489915717786377,4.717696905136108
389,griewank,"(-100, 100)",5,500,1000,0.001,3,[ 24.89810911  26.31479512 -17.72220023  -6.78044294 -14.37027551],0.8433208912171154,9.379585027694702
390,griewank,"(-100, 100)",10,1000,250,0.001,3,"[ 35.24465444  37.09848751 -50.84899289   0.62348692  33.24475747
   8.0014716   21.10601829  25.07065976 -11.56828291  23.05815303]",3.0326517730670925,4.771213054656982
391,griewank,"(-100, 100)",5,500,1000,0.001,4,[10.15345173 27.76825977  4.99034351  5.21399026 36.50489082],1.207153889102482,9.422035932540894
392,griewank,"(-100, 100)",5,500,1000,0.01,2,"[-4.39600855e+01  8.87668103e+00  4.30542568e-04  9.55154063e-04
  1.57775801e-03]",0.5030888374903995,9.26813006401062
393,griewank,"(-100, 100)",5,500,1000,0.01,4,"[ 9.41975458e+00 -4.43886118e+00  5.43172082e+00 -9.13587948e-04
  7.00705444e+00]",0.04682333181726128,9.41857123374939
394,griewank,"(-100, 100)",5,500,1000,0.1,2,[ -9.42290143  17.75156107 -21.73150404   6.27608346  14.01506471],0.27841547601692307,9.156415939331055
395,griewank,"(-100, 100)",5,500,1000,0.01,3,"[-5.65510032e-04  1.33153218e+01  5.94589660e-04  1.25401146e+01
 -2.10233306e+01]",0.19452517716669548,9.574607133865356
396,griewank,"(-100, 100)",5,500,1000,0.1,3,"[-2.19809251e+01 -1.77514006e+01 -2.17274003e+01 -6.26737287e+00
 -3.45623694e-05]",0.32783616285867767,9.481528997421265
397,griewank,"(-100, 100)",5,500,1000,0.1,4,"[-3.14003270e+00 -2.24389841e-03  4.34662447e+01 -4.38915404e+01
 -1.40118313e+01]",1.0073698177945398,31.891534090042114
398,griewank,"(-100, 100)",10,1000,250,0.001,4,"[ 41.06885863   7.70594373 -12.94935481  28.58888182 -34.40686948
  34.32659705  14.58689407  26.6260915    9.96157636  -9.10875481]",2.546266968736072,27.26412796974182
399,griewank,"(-100, 100)",10,1000,250,0.01,2,"[ -6.73994577   9.3654681   40.09186977  13.8311258   12.58868764
 -25.68173464 -26.85926189  38.43400915  20.02347525 -52.4222132 ]",2.999518829160688,27.134065866470337
400,griewank,"(-100, 100)",10,1000,250,0.01,3,"[-41.69932898 -38.18363957  -6.30717632 -39.68222389 -29.79882763
 -36.22714057  22.77274448  -8.79267335 -12.7290673   -2.13047382]",2.953285698097532,27.220414400100708
401,griewank,"(-100, 100)",10,1000,250,0.01,4,"[ 41.86307313  18.74981618   1.29226673  25.61919762   0.77891205
  50.97096063 -21.18440302  58.26430687  -6.13144059  -3.30017532]",3.3138155068115256,27.224503993988037
402,griewank,"(-100, 100)",10,1000,250,0.1,2,"[-12.55797226  44.54423958 -43.40391402  37.30076147 -27.41747573
  45.7798183  -25.0892542    9.77480487  -0.76154757  18.83408456]",2.537860296519727,27.258437871932983
403,griewank,"(-100, 100)",10,1000,250,0.1,3,"[ 18.86512069  13.27188632  54.34080165  -6.33104058  14.04130364
  -7.86364127 -25.05774997   8.79675992 -28.48747884 -19.54921808]",1.4343519934312339,27.24870991706848
404,griewank,"(-100, 100)",10,1000,250,0.1,4,"[  0.079646    -0.07082281  -0.28078199 -43.9183402    0.58427297
 -14.53238507 -25.32883299  -8.4606597   57.66641074  47.88744535]",2.432485335634605,27.23189616203308
405,griewank,"(-100, 100)",10,1000,500,0.001,2,"[ 14.41016966   3.11885721  38.23329222  10.54683291  43.63135001
  38.72060411 -26.12093777  31.10813133 -37.8960061  -12.34741403]",3.1078699469870976,32.92676305770874
406,griewank,"(-100, 100)",10,1000,500,0.001,3,"[-17.76500922   4.80434077  21.73746312 -10.93076244 -20.40369155
  -5.38480835 -25.46062566  11.30863175 -38.04918454  -9.00766735]",1.814368633882947,33.10205316543579
407,griewank,"(-100, 100)",10,1000,500,0.001,4,"[  2.0271886  -18.57189161  50.99532581 -12.49181207 -13.62675537
  21.23775665 -25.74820123 -21.84756589 -38.23849461 -73.63943261]",3.945327144974412,10.727410078048706
408,griewank,"(-100, 100)",10,1000,500,0.01,2,"[  3.58908799  -0.71559968  28.90434783  -0.13340885 -43.57088931
 -20.7927116  -10.88786382 -13.34075388  46.11666364  43.10800846]",2.865529983713399,10.54872179031372
409,griewank,"(-100, 100)",10,1000,500,0.01,3,"[ 25.40957406  40.87712663   6.00192074  44.96499057 -14.07213191
  -7.67366693  -0.66845571  52.1252632  -11.50335598  -8.24083231]",2.5073511198754987,10.611335039138794
410,griewank,"(-100, 100)",10,1000,500,0.01,4,"[-10.44577357  -5.66341196  13.32242788  71.25986358  -6.42164208
  20.16594397  -0.25480401 -45.71100781  29.36535282 -12.22968716]",3.2306508062537116,11.133568048477173
411,griewank,"(-100, 100)",10,1000,500,0.1,2,"[ 53.38248409 -22.19070621  16.30430557 -25.07403375   7.01752619
  15.36018209 -57.97925324 -17.68527632  -9.37745027  19.79009259]",2.1738294342082467,10.77345895767212
412,griewank,"(-100, 100)",10,1000,500,0.1,3,"[ 2.51243071e+01  2.66198756e+01 -2.71752204e+01 -3.13464755e+01
 -2.80324763e+01  1.53600293e+01 -5.79799531e+01  8.85633607e+00
  1.92502258e-02  8.11969093e-04]",1.8853963194363996,10.888850927352905
413,griewank,"(-100, 100)",10,1000,500,0.1,4,"[78.50509246 -4.43590818 16.28815045 25.07382434 21.01628801  7.6782495
  8.28596208  8.85126313 37.53079402 -9.87265623]",2.311110646219677,10.998536825180054
414,griewank,"(-100, 100)",10,1000,750,0.001,2,"[ 16.23108537 -24.31306012 -28.681934   -21.58220556 -33.31056454
  16.7480046   66.42770804 -30.77135478  15.16815277  19.68979195]",3.377366603798581,16.33025097846985
415,griewank,"(-100, 100)",10,1000,750,0.001,3,"[ 27.92276573 -37.68973842  36.60401155 -31.93552923   9.82499351
 -16.26732696  15.44598623   3.70279366  -2.17119513  38.97806204]",2.6727814353736195,16.64809012413025
416,griewank,"(-100, 100)",10,1000,750,0.01,2,"[-22.86655695  17.43513187  -7.32181103 -23.08943057  -9.88725074
 -11.42816334  22.63626677 -12.09022391 -18.15191244 -24.29941168]",1.805028917768956,16.330307245254517
417,griewank,"(-100, 100)",10,1000,750,0.001,4,"[ -4.00516302 -21.89298747  41.367602    47.39498504  30.66330491
 -27.58072849  -2.84410474 -35.19482176  -3.58167123   0.97503405]",2.8531152074430324,16.728895902633667
418,griewank,"(-100, 100)",10,1000,750,0.01,3,"[-15.14611219  51.12024595 -34.77385307   3.02523406 -11.43491475
  24.32773812   9.89292376 -27.41150946  21.73549734  12.53570955]",2.5656561470218975,16.5002658367157
419,griewank,"(-100, 100)",10,1000,750,0.01,4,"[-15.69711079  13.31104007   5.4474664   18.8248182  -28.01720443
   7.67667653   0.03790121 -17.70189131   9.3738224  -19.70342067]",0.6130863743006201,16.89867901802063
420,griewank,"(-100, 100)",10,1000,750,0.1,2,"[-18.84423967   4.43488086   5.43290573 -37.63247403  49.04546513
 -15.33801247 -24.83580452  53.10010915   9.37806789  -9.89365529]",2.0271175962771526,16.955531120300293
421,griewank,"(-100, 100)",10,1000,750,0.1,3,"[ 3.14459886e+00  6.21398366e+01 -5.42369386e+00  2.50768450e+01
 -1.40064189e+01 -3.83548785e+01 -1.65630921e+01  1.76958142e+01
 -3.67825990e-03 -9.88767745e+00]",1.7240172323569416,16.977121114730835
422,griewank,"(-100, 100)",10,1000,750,0.1,4,"[ 4.39651118e+01  8.87217505e+00 -1.08624051e+01  1.88239988e+01
 -2.65237395e-03 -1.53591161e+01 -2.48562283e+01 -2.43411058e-02
  3.75291622e+01 -2.86563403e-02]",1.189097468604075,17.339493989944458
423,rosenbrock,"(-10, 10)",3,300,250,0.001,2,[-0.16812612  0.68963292 -0.63686441],168.9576861345821,1.729524850845337
424,rosenbrock,"(-10, 10)",3,300,250,0.001,3,[1.13865957 2.61352234 7.32477217],200.4960450550856,1.8194608688354492
425,rosenbrock,"(-10, 10)",3,300,250,0.001,4,[ 1.3615229   0.7248414  -0.04302076],159.95830985998063,1.8164596557617188
426,griewank,"(-100, 100)",10,1000,1000,0.001,2,"[ 16.30909807 -50.9556749    7.84080585  12.48106504 -24.96932181
 -29.33788705  20.20600308 -10.53997767 -22.64939616   4.59260792]",2.4043273034565105,23.269986152648926
427,rosenbrock,"(-10, 10)",3,300,250,0.01,2,[1.81849936 1.98819614 2.55045226],372.24765626357964,1.8045539855957031
428,rosenbrock,"(-10, 10)",3,300,250,0.01,3,[-1.57903617  2.00795943  3.89336465],33.147550562692956,1.848332166671753
429,rosenbrock,"(-10, 10)",3,300,250,0.01,4,[-0.68515805 -0.10760254  0.28276171],44.71857442458037,1.8724370002746582
430,rosenbrock,"(-10, 10)",3,300,250,0.1,2,[-1.00649203 -0.44276749 -0.4588796 ],260.9334822562071,1.6644670963287354
431,rosenbrock,"(-10, 10)",3,300,250,0.1,3,[0.96821207 0.9364338  0.87276817],0.006865330063552194,1.6021361351013184
432,rosenbrock,"(-10, 10)",3,300,250,0.1,4,[1.19870009 2.24699077 5.87603621],135.62636644334194,1.478332757949829
433,griewank,"(-100, 100)",10,1000,1000,0.001,3,"[ 34.62044563 -13.17231557 -21.71927929 -47.34136342  68.52190729
 -28.95473451  -9.27510241 -17.08452212   4.56320439  -6.24166994]",3.5130822138153226,23.786455154418945
434,rosenbrock,"(-10, 10)",3,300,500,0.001,2,[-0.68408134  2.77275086  8.00556106],547.256659898432,2.826063871383667
435,rosenbrock,"(-10, 10)",3,300,500,0.001,3,[-0.60298057 -0.23494039  2.42736229],602.6347785993561,2.8061091899871826
436,rosenbrock,"(-10, 10)",3,300,500,0.001,4,[-0.05547008  1.52817322  1.90555181],252.45435296943361,2.7914321422576904
437,rosenbrock,"(-10, 10)",3,300,500,0.01,2,[1.15184361 1.32868157 1.76899452],0.13275945455851132,2.708656072616577
438,rosenbrock,"(-10, 10)",3,300,500,0.01,3,[-0.75659904  0.58411437  0.34415964],3.2731073370448818,2.768183946609497
439,griewank,"(-100, 100)",10,1000,1000,0.01,2,"[-16.61411146 -46.47818792  21.00825556 -46.58648935 -28.87776746
   0.4902201  -37.66505454  43.92388398   5.68565434  -8.88170873]",3.334824400950145,22.641268014907837
440,griewank,"(-100, 100)",10,1000,1000,0.001,4,"[-58.34147178  21.99322908  28.63872056 -30.89771882   8.8431009
 -33.48720444  13.50009335  33.09860206  41.330055   -14.60899423]",3.5149542946898755,23.342642784118652
441,rosenbrock,"(-10, 10)",3,300,500,0.01,4,[0.99927049 0.99849627 0.99690325],3.836141754825398e-06,2.864035129547119
442,griewank,"(-100, 100)",10,1000,1000,0.01,3,"[ 53.30451924  13.27813099  -0.20732149 -37.20193261 -35.73192159
  38.18009692   8.69624294  17.3088117    8.07339977  21.44644001]",2.3031041026887857,22.76328420639038
443,griewank,"(-100, 100)",10,1000,1000,0.01,4,"[-75.2851364   22.01517747  -5.20398515 -12.25816523  15.07848221
 -23.58719249  17.24593688  18.75351354  36.54440574  10.11844194]",2.5853152076724406,23.125503063201904
444,rosenbrock,"(-10, 10)",3,300,500,0.1,2,[ 0.57019078 -1.67211307  3.51581934],458.0373721032051,2.856271982192993
445,griewank,"(-100, 100)",10,1000,1000,0.1,2,"[-3.14063948e+01  1.33112423e+01  2.17245350e+01 -3.13512464e+01
  2.80436475e+01 -7.68308379e+00  3.31351637e+01 -1.55048800e-02
 -1.87548444e+01  2.96537389e+01]",1.452008179084939,22.4535710811615
446,rosenbrock,"(-10, 10)",3,300,500,0.1,3,[1.33422203 1.77707568 3.15168964],0.7204746649713734,2.766019821166992
447,rosenbrock,"(-10, 10)",3,300,500,0.1,4,[0.99959393 0.99830338 0.99362509],0.0009720645940707715,2.8317251205444336
448,griewank,"(-100, 100)",10,1000,1000,0.1,4,"[ 2.51200359e+01  1.77600293e+01 -3.25889913e+01  4.93454267e-03
 -1.40111887e+01 -3.83781261e+01 -1.65497631e+01 -3.54059118e+01
 -1.24682049e-03  9.87060743e+00]",1.3290686836839594,22.048293113708496
449,griewank,"(-100, 100)",10,1000,1000,0.1,3,"[-9.41870347e+00  4.43518309e+00 -2.76575922e-03  1.88035451e+01
  7.02074001e+00 -7.66687549e+00 -1.65677194e+01  4.42544443e+01
  9.40425287e+00  4.94393068e+01]",1.339150166978797,22.284483909606934
450,rosenbrock,"(-10, 10)",3,300,750,0.001,2,[-0.8187873   0.43155938 -0.00334397],12.93054119799308,4.09044623374939
451,rosenbrock,"(-10, 10)",3,300,750,0.001,3,[-0.38138781 -1.20557739  1.3206067 ],191.0659595594025,4.13983678817749
452,rosenbrock,"(-10, 10)",3,300,750,0.001,4,[1.16535683 2.01927865 4.20841888],46.5020758396035,4.140604019165039
453,rosenbrock,"(-10, 10)",3,300,750,0.01,2,[-0.49553423 -1.09903418  0.87055583],198.8128501470432,4.087244033813477
454,rosenbrock,"(-10, 10)",3,300,750,0.01,3,[-0.8160743  -0.57779792  1.70698642],349.0354849489019,4.111191034317017
455,rosenbrock,"(-10, 10)",3,300,750,0.01,4,[-0.48802253  0.06332396  1.29040103],171.62875375506047,4.077760934829712
456,rosenbrock,"(-10, 10)",3,300,750,0.1,2,[1.00028227 0.99962144 0.99785143],0.000282837290075972,4.0588059425354
457,rosenbrock,"(-10, 10)",3,300,750,0.1,3,[1.00449156 1.00781962 1.01518618],0.0002478687326856842,4.159281969070435
458,rosenbrock,"(-10, 10)",3,300,750,0.1,4,[1.00744648 1.01169359 1.02805381],0.0033035798684724464,4.052826166152954
459,rosenbrock,"(-10, 10)",3,300,1000,0.001,2,[0.03031182 1.39136255 2.97683198],302.78291521109014,5.381903886795044
460,rosenbrock,"(-10, 10)",3,300,1000,0.001,3,[ 0.33752178 -0.55697817  0.81234719],73.08632349655886,5.508033037185669
461,rosenbrock,"(-10, 10)",3,300,1000,0.01,2,[1.19633308 1.8405381  1.71691916],296.61069249624285,5.404775142669678
462,rosenbrock,"(-10, 10)",3,300,1000,0.001,4,[-1.53903936  2.73900833  6.79367237],73.38439322061765,5.494086027145386
463,rosenbrock,"(-10, 10)",5,500,250,0.001,2,[ 0.03587372  2.87589442  1.2631805  -0.56262166  0.97900497],6253.6140442290325,2.220710277557373
464,rosenbrock,"(-10, 10)",3,300,1000,0.01,3,[-0.37561741 -0.65389424  0.06879861],80.69967629206131,5.513261079788208
465,rosenbrock,"(-10, 10)",3,300,1000,0.1,2,[0.99827755 0.99767438 0.99573433],0.00014744172203049995,5.348062992095947
466,rosenbrock,"(-10, 10)",3,300,1000,0.01,4,[-0.11057051 -0.91008845  0.20678631],128.57124725900223,5.515300989151001
467,rosenbrock,"(-10, 10)",3,300,1000,0.1,3,[1.00099481 1.00290797 1.00532417],0.00011862213797180271,5.367041826248169
468,rosenbrock,"(-10, 10)",5,500,250,0.001,3,[-0.71399026  2.40014273 -0.50080802 -2.40663418  7.1366756 ],5183.777351473684,2.28564715385437
469,rosenbrock,"(-10, 10)",5,500,250,0.001,4,[ 0.80316057 -1.49418074 -1.09228456 -0.6550789   3.54663732],2889.9418932251883,2.2788732051849365
470,rosenbrock,"(-10, 10)",5,500,250,0.01,2,[-0.14799528  1.95975076  1.99315606  1.96447328  3.92662737],1124.735640948858,2.2671282291412354
471,rosenbrock,"(-10, 10)",5,500,250,0.01,3,[ 1.7022212   0.64186671 -0.33566672  2.51971409  6.5175685 ],1151.6562734223014,2.2691829204559326
472,rosenbrock,"(-10, 10)",5,500,250,0.01,4,[-1.26150457 -2.55970042  2.13911347 -1.933298    5.15463439],8135.892213776736,2.3014726638793945
473,rosenbrock,"(-10, 10)",3,300,1000,0.1,4,[1.0083596  1.01692903 1.03204598],0.0007988801200820617,5.489041090011597
474,rosenbrock,"(-10, 10)",5,500,250,0.1,2,[-0.7980373  -1.03245341  0.61383273 -0.76073236  2.14709079],685.0934413233358,2.2362499237060547
475,rosenbrock,"(-10, 10)",5,500,250,0.1,3,[ 1.13058688 -2.1342054   1.41512319  2.71740015  5.36338968],2622.6997573625513,2.3145558834075928
476,rosenbrock,"(-10, 10)",5,500,250,0.1,4,[ 1.94076657  0.11230379 -2.86043661  3.38946189  7.52528246],6050.703112558951,2.3263368606567383
477,rosenbrock,"(-10, 10)",5,500,500,0.001,2,[ 0.0547003  -2.74986814 -0.01942735  0.35975519 -0.26334737],6550.032905013144,4.465384006500244
478,rosenbrock,"(-10, 10)",5,500,500,0.001,3,[-2.36123808  1.73788906 -2.25185218  1.46859843  8.12391334],9133.114842893077,4.583895206451416
479,rosenbrock,"(-10, 10)",5,500,500,0.01,2,[ 0.72309074 -0.60854948 -0.20061637  1.41374225  5.50320903],1581.7141310761458,4.45503306388855
480,rosenbrock,"(-10, 10)",5,500,500,0.01,3,[-0.7246831  -2.32643567  0.23779937 -0.03577318 -1.45111616],3718.2028703677333,4.500563859939575
481,rosenbrock,"(-10, 10)",5,500,500,0.001,4,[ 0.13348169  1.31004904  1.75804787  0.72558959 -4.48130922],3235.843630213467,4.689305782318115
482,rosenbrock,"(-10, 10)",5,500,500,0.01,4,[-0.41513893  1.58384303 -2.17691331 -2.30692059  2.89321898],7972.242936468993,4.538533926010132
483,rosenbrock,"(-10, 10)",5,500,500,0.1,2,[-1.36596813  0.74367659  1.262541    0.95136889  2.5152643 ],482.56416511597735,4.440161943435669
484,rosenbrock,"(-10, 10)",5,500,500,0.1,3,[ 1.6327823  -0.29256181  1.32089927 -1.24176185  4.69429822],2920.7496134482903,4.586446046829224
485,rosenbrock,"(-10, 10)",5,500,500,0.1,4,[-1.43270823 -1.3022997   0.20002652 -1.11691845  1.26113574],1499.5667150449226,4.547924995422363
486,rosenbrock,"(-10, 10)",5,500,750,0.001,2,[ 2.33923094  1.20325943 -0.32763438  2.12701129 -2.49814966],7481.524656553667,6.687827825546265
487,rosenbrock,"(-10, 10)",5,500,750,0.001,3,[-0.94821834  3.35928488  0.44324567 -1.53044664  9.92731961],18426.761433477783,6.7660768032073975
488,rosenbrock,"(-10, 10)",5,500,750,0.001,4,[1.52603244 0.78084993 0.78055901 2.93279597 5.06945119],2033.9004727484744,6.906975030899048
489,rosenbrock,"(-10, 10)",5,500,750,0.01,2,[ 1.06874626 -0.10600598 -0.28649873 -2.45985008  9.64527237],2117.6446555250336,6.664196014404297
490,rosenbrock,"(-10, 10)",5,500,750,0.01,3,[ 1.1799414   1.31628394 -0.0483652   2.17151976  5.37790562],834.778936552571,6.820687294006348
491,rosenbrock,"(-10, 10)",5,500,750,0.1,2,[-3.0593864  -0.38275958  1.43202438  2.34965804 -0.27142601],13041.523428884066,6.70343804359436
492,rosenbrock,"(-10, 10)",5,500,750,0.01,4,[1.13154674 1.494736   0.82618802 0.19048492 0.12954605],228.8876791745656,6.902820110321045
493,rosenbrock,"(-10, 10)",5,500,750,0.1,3,[-2.1546633   0.95115135  1.73436662 -1.13864222 -3.56349044],5528.007635795164,6.870742082595825
494,rosenbrock,"(-10, 10)",5,500,750,0.1,4,[ 2.19241685  2.42417061  1.39639973 -1.9962935   4.96612257],4240.940958913275,6.851467847824097
495,rosenbrock,"(-10, 10)",5,500,1000,0.001,2,[1.3083838  0.53218231 1.87238724 2.88027777 1.88573223],4544.607594254814,8.857684135437012
496,rosenbrock,"(-10, 10)",10,1000,250,0.001,2,"[ 1.93001     1.11515004 -0.54421492  2.63551957  0.27490608 -0.91529868
 -2.10085839 -0.75698895  0.36806767 -3.68764229]",11122.568506442507,4.5557661056518555
497,rosenbrock,"(-10, 10)",5,500,1000,0.001,3,[ 0.42650264 -1.15642152 -0.08060836 -3.97494297  8.9056457 ],6749.6936443117775,9.059394121170044
498,rosenbrock,"(-10, 10)",10,1000,250,0.001,3,"[ 0.65352682 -0.96068223  1.50716456 -3.61214358 -1.37195154  2.75448441
 -4.19661692 -0.36308154 -1.56556555  6.05670349]",72409.44154068676,4.4753851890563965
499,rosenbrock,"(-10, 10)",5,500,1000,0.001,4,[-1.59131443  0.58777599 -0.85797071  2.61343052  2.20842432],3024.225429927995,9.16230821609497
500,rosenbrock,"(-10, 10)",5,500,1000,0.01,2,[ 2.06747738  2.18687279  0.57048057 -1.41989177  0.46761987],2762.8267627793452,8.958101034164429
501,rosenbrock,"(-10, 10)",5,500,1000,0.01,3,[0.05180029 1.10365856 0.67569665 1.12921674 1.45486554],200.13877448591614,9.065700769424438
502,rosenbrock,"(-10, 10)",5,500,1000,0.1,2,[ 1.8832711  -0.87381813  2.31945967 -0.66023683  6.39945879],9409.68383171942,8.793712854385376
503,rosenbrock,"(-10, 10)",5,500,1000,0.01,4,[-2.19610264 -0.86503991  0.20605981 -1.08856772  1.55013883],3424.572636062282,9.187574863433838
504,rosenbrock,"(-10, 10)",5,500,1000,0.1,3,[-0.95588246 -1.09258394  1.02594021  1.71166888  0.06701061],1277.0548087899988,9.069020748138428
505,rosenbrock,"(-10, 10)",5,500,1000,0.1,4,[1.08992274 1.97213549 0.92761992 2.5854355  8.96090322],1757.8947048890823,9.127734899520874
506,rosenbrock,"(-10, 10)",10,1000,250,0.01,2,"[ 2.39496523  2.14734937 -1.88965278 -1.59880668 -0.28792517 -3.47458574
 -2.80381675 -3.25822242  0.01308229  1.90908374]",56436.68557354893,4.494985818862915
507,rosenbrock,"(-10, 10)",10,1000,250,0.001,4,"[ 0.21802534  4.02141284 -2.47520109  2.10944552 -3.81137542  3.93866908
 -1.76849925  3.184566    0.25154386  9.22319545]",104103.91996287121,4.673539876937866
508,rosenbrock,"(-10, 10)",10,1000,250,0.01,3,"[ 4.91544279  2.41547333 -0.11161865  0.6512881   0.99400754  0.12144582
 -3.05881763 -0.76923866  1.02428974 -6.36873994]",67731.11798307623,4.550469875335693
509,rosenbrock,"(-10, 10)",10,1000,250,0.01,4,"[-3.0635774   1.91722421  1.67610551 -1.56899884  4.73879249  1.34112084
 -1.01778101  3.37991517 -1.64556682 -1.46825776]",73220.12987106288,4.5342841148376465
510,rosenbrock,"(-10, 10)",10,1000,250,0.1,2,"[ 2.89782127  0.49775958  1.10754604  4.23539     2.78904047  2.80656673
  2.60658962 -1.98309891 -2.91824114 -5.45971396]",67397.89521783563,4.609055995941162
511,rosenbrock,"(-10, 10)",10,1000,250,0.1,3,"[-4.99798702 -1.12399768 -4.00770422 -2.3155041   0.79732013 -0.73341992
  2.97392179 -3.01384921  3.49331855 -8.44864311]",167498.0043657627,4.501617193222046
512,rosenbrock,"(-10, 10)",10,1000,250,0.1,4,"[ 3.23425265 -3.45913035  2.14441394 -0.34421479 -0.72154969 -0.51111569
 -0.14924799  2.84343797  2.72666151  4.88013333]",36018.49827199969,4.534826040267944
513,rosenbrock,"(-10, 10)",10,1000,500,0.001,2,"[ 1.80139051  0.36184521  0.25368172  2.14413269  0.40585091  2.88734549
 -1.51432142  4.17222709 -2.87488324 -3.37552098]",68546.6080797645,8.959537982940674
514,rosenbrock,"(-10, 10)",10,1000,500,0.001,3,"[ 1.40688962 -1.42531313  3.24153459 -1.74978364 -1.68536555 -0.28221946
 -1.08555597 -3.97956664  4.47460591  9.8608534 ]",45658.757306049556,9.208453893661499
515,rosenbrock,"(-10, 10)",10,1000,500,0.001,4,"[-2.37962221  2.80188291  0.47468558  0.53299861  2.90043108 -3.29239052
 -1.21541641 -1.9398225   4.43597342  8.09279229]",49882.92024279668,9.197537899017334
516,rosenbrock,"(-10, 10)",10,1000,500,0.01,2,"[-1.88514537 -2.25578757 -2.62179616 -3.35974523 -3.34815513 -2.93479556
 -3.4413027  -3.54191163  3.4163366   8.60224455]",108827.93396584367,8.991167068481445
517,rosenbrock,"(-10, 10)",10,1000,500,0.01,3,"[-2.57292862  0.59178277 -4.55217972 -2.89261283  3.1903356   4.34667064
 -1.64601245 -0.40825363 -2.96265574  8.61496613]",112125.35314118775,9.29595398902893
518,rosenbrock,"(-10, 10)",10,1000,500,0.01,4,"[-2.42918527  0.19757361 -3.63225198  0.11378888 -0.60475663  2.95938741
  1.7199759   1.21967359  3.91067998  6.95501204]",35264.53874865655,9.263548851013184
519,rosenbrock,"(-10, 10)",10,1000,500,0.1,2,"[ 3.5932986   1.74028528 -1.34352888  1.60041154  2.19790333  1.7142864
 -1.51043289 -0.53767502 -1.14431136 -8.30471852]",27631.74750008136,8.923929214477539
520,rosenbrock,"(-10, 10)",10,1000,500,0.1,3,"[-2.07278014  1.31666741 -6.106846    2.95815546  2.51066946  2.75559243
  0.06221678  0.14442545 -3.03069519 -3.87136115]",153818.87973684378,9.044286012649536
521,rosenbrock,"(-10, 10)",10,1000,500,0.1,4,"[ 0.92664343 -0.36682571  3.41880235  0.00615662  1.77454683  4.758786
 -0.98345785  3.11623768  1.41205955 -3.59598767]",81790.90280032707,9.15638279914856
522,rosenbrock,"(-10, 10)",10,1000,750,0.001,2,"[ 3.07546979  0.25261477 -2.83767263 -2.32713942  1.80264614  2.09364155
  4.50209285  3.83838571  3.8561898  -7.79113867]",111772.06016466836,13.398118734359741
523,rosenbrock,"(-10, 10)",10,1000,750,0.001,3,"[ 0.69015657  4.79866549  2.16334015  3.08705166 -1.60272348 -0.73073571
  0.99419178  0.17676502 -3.57509088 -9.48160028]",110137.0023315702,13.706346035003662
524,rosenbrock,"(-10, 10)",10,1000,750,0.01,2,"[-0.76981883 -2.29710301  0.87393324 -2.60589298  0.70331202  1.38476116
  2.28214132 -4.5311224   5.10997492 -0.19354064]",110247.15933407578,13.462231874465942
525,rosenbrock,"(-10, 10)",10,1000,750,0.001,4,"[-0.4189546   2.70264261  4.45239464  4.83401009  2.47554401 -0.2943719
  2.30219144 -2.37919899 -1.54563851 -9.55092476]",97586.63605839043,13.907877206802368
526,rosenbrock,"(-10, 10)",10,1000,750,0.01,3,"[ 2.67364016 -0.40919147  3.05885063  2.63739695 -0.76221531  2.48605109
 -3.82439944  0.35652029  1.31551887 -1.1974126 ]",48793.159196303735,13.649582862854004
527,rosenbrock,"(-10, 10)",10,1000,750,0.01,4,"[-0.75393039  5.16373064  2.35425855  4.45924761 -2.03892693 -1.12107608
 -2.71088028  2.42994161 -0.9000633   7.95418441]",125972.72967089017,13.822365999221802
528,rosenbrock,"(-10, 10)",10,1000,750,0.1,2,"[-2.03812097 -3.15863823  1.79516857  4.53098803 -1.58450571  1.32160171
  3.7217121  -3.14428684 -0.9906886   2.93544691]",102821.37368767842,13.498109817504883
529,rosenbrock,"(-10, 10)",10,1000,750,0.1,3,"[-2.55704558  2.30559555  3.74760749  3.27712072  5.29078462  3.2808794
  3.41716717 -1.34766156  3.26580751 -1.45026628]",114984.84683596603,13.652851104736328
530,rosenbrock,"(-10, 10)",10,1000,750,0.1,4,"[-5.1793641   2.61527649  0.63766842  1.85289412 -1.45833011 -0.24192653
 -1.43595491  3.25871528  1.16064859 -2.66974397]",76611.27776586803,13.923059940338135
531,rosenbrock,"(-10, 10)",10,1000,1000,0.001,2,"[ 0.43951442  1.06788195  2.25044624  5.08061917  1.53147904 -3.20558933
  2.22311318  2.69167416 -1.46017611 -7.38135985]",85905.68489088978,17.573105096817017
532,rosenbrock,"(-10, 10)",10,1000,1000,0.001,3,"[ 2.83487328 -1.42506368 -4.80988137  2.75683448  0.60736385 -1.41877344
 -4.388612   -0.22324734  2.70557944 -7.85922179]",126257.40414552033,17.21171498298645
533,rosenbrock,"(-10, 10)",10,1000,1000,0.001,4,"[ 4.15539332  2.82616208  0.75486312 -0.37148542  3.26970381 -1.70622999
 -3.8012624  -2.43708187 -2.49269386 -2.47355931]",90276.69678263454,16.663145065307617
534,rosenbrock,"(-10, 10)",10,1000,1000,0.01,2,"[ 4.92994833  3.07912541  3.21465165  4.40213235 -0.16112991 -2.15547856
 -2.61390802 -1.38514452 -0.76175409 -7.85940556]",111087.64515267112,16.24881601333618
535,rosenbrock,"(-10, 10)",10,1000,1000,0.01,3,"[-4.28097526 -1.92100667 -3.56654509 -1.89309128  2.94267265 -3.56308914
  3.43819617  0.36134476  3.52834252  5.96886179]",109757.81079676532,16.718459129333496
536,rosenbrock,"(-10, 10)",10,1000,1000,0.01,4,"[-2.70961624 -0.29672511 -3.64143834  0.96795187 -4.78516661  1.07997449
  0.37603686  2.16776123 -1.73523029 -6.2943731 ]",86563.63234244347,16.65370011329651
537,rosenbrock,"(-10, 10)",10,1000,1000,0.1,2,"[-0.84876904 -0.68991439 -4.4849009   0.75739493 -0.99680702 -1.85390538
 -2.71531988 -3.82785021 -3.463047   -0.36219962]",105704.4068952561,16.201220989227295
538,rosenbrock,"(-10, 10)",10,1000,1000,0.1,3,"[ 4.55365862  1.66355289  3.17904183 -1.32369226 -0.2640086  -2.98855091
  2.17948675 -4.09018371  1.91344106 -0.43664341]",86872.35999952398,15.98015809059143
539,rosenbrock,"(-10, 10)",10,1000,1000,0.1,4,"[-4.26307101 -1.52415391 -3.38354371 -0.20453081 -3.11089722 -0.31388118
  1.16086215  0.83965671 -1.5935981   6.94351848]",69300.11687603977,16.119317770004272
